dataset,n,m,metodo,tiempo,costo,memoria,vecindad,iteraciones
grafo-propio,100,4950.0,TABU_CICLOS 10 10 100,102.824,306,10,10,100
grafo-propio,100,4950.0,TABU_CICLOS 10 10 150,132.137,306,10,10,150
grafo-propio,100,4950.0,TABU_CICLOS 10 10 200,205.96,273,10,10,200
grafo-propio,100,4950.0,TABU_CICLOS 10 10 250,236.842,275,10,10,250
grafo-propio,100,4950.0,TABU_CICLOS 10 10 300,243.667,275,10,10,300
grafo-propio,100,4950.0,TABU_CICLOS 10 10 350,291.798,275,10,10,350
grafo-propio,100,4950.0,TABU_CICLOS 10 10 400,345.014,287,10,10,400
grafo-propio,100,4950.0,TABU_CICLOS 10 20 100,164.537,272,10,20,100
grafo-propio,100,4950.0,TABU_CICLOS 10 20 150,241.215,272,10,20,150
grafo-propio,100,4950.0,TABU_CICLOS 10 20 200,317.001,255,10,20,200
grafo-propio,100,4950.0,TABU_CICLOS 10 20 250,394.706,242,10,20,250
grafo-propio,100,4950.0,TABU_CICLOS 10 20 300,481.284,242,10,20,300
grafo-propio,100,4950.0,TABU_CICLOS 10 20 350,524.395,247,10,20,350
grafo-propio,100,4950.0,TABU_CICLOS 10 20 400,600.371,274,10,20,400
grafo-propio,100,4950.0,TABU_CICLOS 10 30 100,224.635,334,10,30,100
grafo-propio,100,4950.0,TABU_CICLOS 10 30 150,322.298,334,10,30,150
grafo-propio,100,4950.0,TABU_CICLOS 10 30 200,455.07,334,10,30,200
grafo-propio,100,4950.0,TABU_CICLOS 10 30 250,543.402,323,10,30,250
grafo-propio,100,4950.0,TABU_CICLOS 10 30 300,652.455,300,10,30,300
grafo-propio,100,4950.0,TABU_CICLOS 10 30 350,770.238,252,10,30,350
grafo-propio,100,4950.0,TABU_CICLOS 10 30 400,870.391,245,10,30,400
grafo-propio,100,4950.0,TABU_CICLOS 10 40 100,298.946,309,10,40,100
grafo-propio,100,4950.0,TABU_CICLOS 10 40 150,447.507,309,10,40,150
grafo-propio,100,4950.0,TABU_CICLOS 10 40 200,580.316,309,10,40,200
grafo-propio,100,4950.0,TABU_CICLOS 10 40 250,721.458,294,10,40,250
grafo-propio,100,4950.0,TABU_CICLOS 10 40 300,865.619,274,10,40,300
grafo-propio,100,4950.0,TABU_CICLOS 10 40 350,1027.96,256,10,40,350
grafo-propio,100,4950.0,TABU_CICLOS 10 40 400,1127.66,289,10,40,400
grafo-propio,100,4950.0,TABU_CICLOS 10 50 100,345.217,256,10,50,100
grafo-propio,100,4950.0,TABU_CICLOS 10 50 150,519.725,256,10,50,150
grafo-propio,100,4950.0,TABU_CICLOS 10 50 200,700.398,288,10,50,200
grafo-propio,100,4950.0,TABU_CICLOS 10 50 250,862.93,288,10,50,250
grafo-propio,100,4950.0,TABU_CICLOS 10 50 300,1024.82,267,10,50,300
grafo-propio,100,4950.0,TABU_CICLOS 10 50 350,1205.63,226,10,50,350
grafo-propio,100,4950.0,TABU_CICLOS 10 50 400,1397.39,270,10,50,400
grafo-propio,100,4950.0,TABU_CICLOS 10 60 100,409.187,228,10,60,100
grafo-propio,100,4950.0,TABU_CICLOS 10 60 150,664.379,219,10,60,150
grafo-propio,100,4950.0,TABU_CICLOS 10 60 200,1127.37,244,10,60,200
grafo-propio,100,4950.0,TABU_CICLOS 10 60 250,1259.23,232,10,60,250
grafo-propio,100,4950.0,TABU_CICLOS 10 60 300,1306.79,262,10,60,300
grafo-propio,100,4950.0,TABU_CICLOS 10 60 350,1582.87,253,10,60,350
grafo-propio,100,4950.0,TABU_CICLOS 10 60 400,1704.18,295,10,60,400
grafo-propio,100,4950.0,TABU_CICLOS 10 70 100,468.686,260,10,70,100
grafo-propio,100,4950.0,TABU_CICLOS 10 70 150,714.384,253,10,70,150
grafo-propio,100,4950.0,TABU_CICLOS 10 70 200,953.421,253,10,70,200
grafo-propio,100,4950.0,TABU_CICLOS 10 70 250,1299.49,248,10,70,250
grafo-propio,100,4950.0,TABU_CICLOS 10 70 300,1464.28,248,10,70,300
grafo-propio,100,4950.0,TABU_CICLOS 10 70 350,1594.81,299,10,70,350
grafo-propio,100,4950.0,TABU_CICLOS 10 70 400,1833.69,281,10,70,400
grafo-propio,100,4950.0,TABU_CICLOS 10 80 100,528.358,275,10,80,100
grafo-propio,100,4950.0,TABU_CICLOS 10 80 150,782.487,288,10,80,150
grafo-propio,100,4950.0,TABU_CICLOS 10 80 200,1019.8,233,10,80,200
grafo-propio,100,4950.0,TABU_CICLOS 10 80 250,1337.7,269,10,80,250
grafo-propio,100,4950.0,TABU_CICLOS 10 80 300,1509.54,285,10,80,300
grafo-propio,100,4950.0,TABU_CICLOS 10 80 350,1835.3,256,10,80,350
grafo-propio,100,4950.0,TABU_CICLOS 10 80 400,2011.9,213,10,80,400
grafo-propio,100,4950.0,TABU_CICLOS 10 90 100,580.406,239,10,90,100
grafo-propio,100,4950.0,TABU_CICLOS 10 90 150,839.851,239,10,90,150
grafo-propio,100,4950.0,TABU_CICLOS 10 90 200,1187.73,240,10,90,200
grafo-propio,100,4950.0,TABU_CICLOS 10 90 250,1363.82,289,10,90,250
grafo-propio,100,4950.0,TABU_CICLOS 10 90 300,1628.48,251,10,90,300
grafo-propio,100,4950.0,TABU_CICLOS 10 90 350,1993.9,216,10,90,350
grafo-propio,100,4950.0,TABU_CICLOS 10 90 400,2277.93,260,10,90,400
grafo-propio,100,4950.0,TABU_CICLOS 10 100 100,620.611,311,10,100,100
grafo-propio,100,4950.0,TABU_CICLOS 10 100 150,977.536,311,10,100,150
grafo-propio,100,4950.0,TABU_CICLOS 10 100 200,1234.67,320,10,100,200
grafo-propio,100,4950.0,TABU_CICLOS 10 100 250,1567.08,303,10,100,250
grafo-propio,100,4950.0,TABU_CICLOS 10 100 300,1841.26,256,10,100,300
grafo-propio,100,4950.0,TABU_CICLOS 10 100 350,2098.88,244,10,100,350
grafo-propio,100,4950.0,TABU_CICLOS 10 100 400,2417.28,266,10,100,400
grafo-propio,100,4950.0,TABU_CICLOS 20 10 100,89.0598,299,20,10,100
grafo-propio,100,4950.0,TABU_CICLOS 20 10 150,140.301,281,20,10,150
grafo-propio,100,4950.0,TABU_CICLOS 20 10 200,168.532,272,20,10,200
grafo-propio,100,4950.0,TABU_CICLOS 20 10 250,206.287,272,20,10,250
grafo-propio,100,4950.0,TABU_CICLOS 20 10 300,262.233,272,20,10,300
grafo-propio,100,4950.0,TABU_CICLOS 20 10 350,281.335,281,20,10,350
grafo-propio,100,4950.0,TABU_CICLOS 20 10 400,313.99,267,20,10,400
grafo-propio,100,4950.0,TABU_CICLOS 20 20 100,157.992,274,20,20,100
grafo-propio,100,4950.0,TABU_CICLOS 20 20 150,233.86,274,20,20,150
grafo-propio,100,4950.0,TABU_CICLOS 20 20 200,298.969,274,20,20,200
grafo-propio,100,4950.0,TABU_CICLOS 20 20 250,379.312,311,20,20,250
grafo-propio,100,4950.0,TABU_CICLOS 20 20 300,438.762,311,20,20,300
grafo-propio,100,4950.0,TABU_CICLOS 20 20 350,532.155,314,20,20,350
grafo-propio,100,4950.0,TABU_CICLOS 20 20 400,629.756,314,20,20,400
grafo-propio,100,4950.0,TABU_CICLOS 20 30 100,238.955,316,20,30,100
grafo-propio,100,4950.0,TABU_CICLOS 20 30 150,342.419,316,20,30,150
grafo-propio,100,4950.0,TABU_CICLOS 20 30 200,432.678,316,20,30,200
grafo-propio,100,4950.0,TABU_CICLOS 20 30 250,520.113,289,20,30,250
grafo-propio,100,4950.0,TABU_CICLOS 20 30 300,620.805,289,20,30,300
grafo-propio,100,4950.0,TABU_CICLOS 20 30 350,714.753,303,20,30,350
grafo-propio,100,4950.0,TABU_CICLOS 20 30 400,838.826,328,20,30,400
grafo-propio,100,4950.0,TABU_CICLOS 20 40 100,273.105,298,20,40,100
grafo-propio,100,4950.0,TABU_CICLOS 20 40 150,411.54,298,20,40,150
grafo-propio,100,4950.0,TABU_CICLOS 20 40 200,542.914,298,20,40,200
grafo-propio,100,4950.0,TABU_CICLOS 20 40 250,684.489,291,20,40,250
grafo-propio,100,4950.0,TABU_CICLOS 20 40 300,807.873,315,20,40,300
grafo-propio,100,4950.0,TABU_CICLOS 20 40 350,947.456,324,20,40,350
grafo-propio,100,4950.0,TABU_CICLOS 20 40 400,1057.9,301,20,40,400
grafo-propio,100,4950.0,TABU_CICLOS 20 50 100,333.392,233,20,50,100
grafo-propio,100,4950.0,TABU_CICLOS 20 50 150,510.64,223,20,50,150
grafo-propio,100,4950.0,TABU_CICLOS 20 50 200,652.598,232,20,50,200
grafo-propio,100,4950.0,TABU_CICLOS 20 50 250,793.941,269,20,50,250
grafo-propio,100,4950.0,TABU_CICLOS 20 50 300,1064.35,284,20,50,300
grafo-propio,100,4950.0,TABU_CICLOS 20 50 350,1183.85,322,20,50,350
grafo-propio,100,4950.0,TABU_CICLOS 20 50 400,1423.03,257,20,50,400
grafo-propio,100,4950.0,TABU_CICLOS 20 60 100,396.492,300,20,60,100
grafo-propio,100,4950.0,TABU_CICLOS 20 60 150,595.008,293,20,60,150
grafo-propio,100,4950.0,TABU_CICLOS 20 60 200,748.134,231,20,60,200
grafo-propio,100,4950.0,TABU_CICLOS 20 60 250,981.83,236,20,60,250
grafo-propio,100,4950.0,TABU_CICLOS 20 60 300,1125.94,258,20,60,300
grafo-propio,100,4950.0,TABU_CICLOS 20 60 350,1322.1,229,20,60,350
grafo-propio,100,4950.0,TABU_CICLOS 20 60 400,1524.95,270,20,60,400
grafo-propio,100,4950.0,TABU_CICLOS 20 70 100,438.305,279,20,70,100
grafo-propio,100,4950.0,TABU_CICLOS 20 70 150,649.646,295,20,70,150
grafo-propio,100,4950.0,TABU_CICLOS 20 70 200,863.21,240,20,70,200
grafo-propio,100,4950.0,TABU_CICLOS 20 70 250,1093.92,238,20,70,250
grafo-propio,100,4950.0,TABU_CICLOS 20 70 300,1380.36,275,20,70,300
grafo-propio,100,4950.0,TABU_CICLOS 20 70 350,1573.82,297,20,70,350
grafo-propio,100,4950.0,TABU_CICLOS 20 70 400,1801.14,232,20,70,400
grafo-propio,100,4950.0,TABU_CICLOS 20 80 100,523.129,278,20,80,100
grafo-propio,100,4950.0,TABU_CICLOS 20 80 150,740.767,311,20,80,150
grafo-propio,100,4950.0,TABU_CICLOS 20 80 200,973.195,300,20,80,200
grafo-propio,100,4950.0,TABU_CICLOS 20 80 250,1250.61,245,20,80,250
grafo-propio,100,4950.0,TABU_CICLOS 20 80 300,1432.65,248,20,80,300
grafo-propio,100,4950.0,TABU_CICLOS 20 80 350,1770.04,201,20,80,350
grafo-propio,100,4950.0,TABU_CICLOS 20 80 400,1923.8,245,20,80,400
grafo-propio,100,4950.0,TABU_CICLOS 20 90 100,576.922,267,20,90,100
grafo-propio,100,4950.0,TABU_CICLOS 20 90 150,869.641,321,20,90,150
grafo-propio,100,4950.0,TABU_CICLOS 20 90 200,1241.71,247,20,90,200
grafo-propio,100,4950.0,TABU_CICLOS 20 90 250,1593.58,214,20,90,250
grafo-propio,100,4950.0,TABU_CICLOS 20 90 300,1722.25,268,20,90,300
grafo-propio,100,4950.0,TABU_CICLOS 20 90 350,2100.57,249,20,90,350
grafo-propio,100,4950.0,TABU_CICLOS 20 90 400,2089.37,265,20,90,400
grafo-propio,100,4950.0,TABU_CICLOS 20 100 100,587.382,258,20,100,100
grafo-propio,100,4950.0,TABU_CICLOS 20 100 150,895.715,322,20,100,150
grafo-propio,100,4950.0,TABU_CICLOS 20 100 200,1186.82,265,20,100,200
grafo-propio,100,4950.0,TABU_CICLOS 20 100 250,1648.03,216,20,100,250
grafo-propio,100,4950.0,TABU_CICLOS 20 100 300,1857.17,248,20,100,300
grafo-propio,100,4950.0,TABU_CICLOS 20 100 350,2201.64,222,20,100,350
grafo-propio,100,4950.0,TABU_CICLOS 20 100 400,2604.0,250,20,100,400
grafo-propio,100,4950.0,TABU_CICLOS 30 10 100,82.7075,288,30,10,100
grafo-propio,100,4950.0,TABU_CICLOS 30 10 150,135.647,288,30,10,150
grafo-propio,100,4950.0,TABU_CICLOS 30 10 200,163.38,288,30,10,200
grafo-propio,100,4950.0,TABU_CICLOS 30 10 250,199.153,314,30,10,250
grafo-propio,100,4950.0,TABU_CICLOS 30 10 300,240.46,314,30,10,300
grafo-propio,100,4950.0,TABU_CICLOS 30 10 350,283.82,314,30,10,350
grafo-propio,100,4950.0,TABU_CICLOS 30 10 400,308.107,314,30,10,400
grafo-propio,100,4950.0,TABU_CICLOS 30 20 100,174.787,309,30,20,100
grafo-propio,100,4950.0,TABU_CICLOS 30 20 150,250.682,297,30,20,150
grafo-propio,100,4950.0,TABU_CICLOS 30 20 200,311.653,297,30,20,200
grafo-propio,100,4950.0,TABU_CICLOS 30 20 250,367.36,254,30,20,250
grafo-propio,100,4950.0,TABU_CICLOS 30 20 300,446.206,241,30,20,300
grafo-propio,100,4950.0,TABU_CICLOS 30 20 350,522.839,241,30,20,350
grafo-propio,100,4950.0,TABU_CICLOS 30 20 400,647.522,289,30,20,400
grafo-propio,100,4950.0,TABU_CICLOS 30 30 100,211.481,299,30,30,100
grafo-propio,100,4950.0,TABU_CICLOS 30 30 150,327.934,299,30,30,150
grafo-propio,100,4950.0,TABU_CICLOS 30 30 200,431.54,299,30,30,200
grafo-propio,100,4950.0,TABU_CICLOS 30 30 250,563.81,292,30,30,250
grafo-propio,100,4950.0,TABU_CICLOS 30 30 300,709.789,273,30,30,300
grafo-propio,100,4950.0,TABU_CICLOS 30 30 350,729.7,241,30,30,350
grafo-propio,100,4950.0,TABU_CICLOS 30 30 400,851.524,261,30,30,400
grafo-propio,100,4950.0,TABU_CICLOS 30 40 100,281.028,258,30,40,100
grafo-propio,100,4950.0,TABU_CICLOS 30 40 150,410.031,273,30,40,150
grafo-propio,100,4950.0,TABU_CICLOS 30 40 200,547.373,273,30,40,200
grafo-propio,100,4950.0,TABU_CICLOS 30 40 250,722.66,313,30,40,250
grafo-propio,100,4950.0,TABU_CICLOS 30 40 300,843.665,272,30,40,300
grafo-propio,100,4950.0,TABU_CICLOS 30 40 350,972.596,252,30,40,350
grafo-propio,100,4950.0,TABU_CICLOS 30 40 400,1252.09,262,30,40,400
grafo-propio,100,4950.0,TABU_CICLOS 30 50 100,367.245,278,30,50,100
grafo-propio,100,4950.0,TABU_CICLOS 30 50 150,498.054,267,30,50,150
grafo-propio,100,4950.0,TABU_CICLOS 30 50 200,651.009,289,30,50,200
grafo-propio,100,4950.0,TABU_CICLOS 30 50 250,816.115,237,30,50,250
grafo-propio,100,4950.0,TABU_CICLOS 30 50 300,1029.39,223,30,50,300
grafo-propio,100,4950.0,TABU_CICLOS 30 50 350,1166.0,278,30,50,350
grafo-propio,100,4950.0,TABU_CICLOS 30 50 400,1295.89,258,30,50,400
grafo-propio,100,4950.0,TABU_CICLOS 30 60 100,383.641,324,30,60,100
grafo-propio,100,4950.0,TABU_CICLOS 30 60 150,573.203,276,30,60,150
grafo-propio,100,4950.0,TABU_CICLOS 30 60 200,766.325,276,30,60,200
grafo-propio,100,4950.0,TABU_CICLOS 30 60 250,955.508,234,30,60,250
grafo-propio,100,4950.0,TABU_CICLOS 30 60 300,1140.86,241,30,60,300
grafo-propio,100,4950.0,TABU_CICLOS 30 60 350,1339.0,232,30,60,350
grafo-propio,100,4950.0,TABU_CICLOS 30 60 400,1541.01,269,30,60,400
grafo-propio,100,4950.0,TABU_CICLOS 30 70 100,468.149,322,30,70,100
grafo-propio,100,4950.0,TABU_CICLOS 30 70 150,663.475,313,30,70,150
grafo-propio,100,4950.0,TABU_CICLOS 30 70 200,893.174,322,30,70,200
grafo-propio,100,4950.0,TABU_CICLOS 30 70 250,1116.52,238,30,70,250
grafo-propio,100,4950.0,TABU_CICLOS 30 70 300,1302.49,243,30,70,300
grafo-propio,100,4950.0,TABU_CICLOS 30 70 350,1502.98,217,30,70,350
grafo-propio,100,4950.0,TABU_CICLOS 30 70 400,1814.29,222,30,70,400
grafo-propio,100,4950.0,TABU_CICLOS 30 80 100,478.141,238,30,80,100
grafo-propio,100,4950.0,TABU_CICLOS 30 80 150,715.697,322,30,80,150
grafo-propio,100,4950.0,TABU_CICLOS 30 80 200,959.67,322,30,80,200
grafo-propio,100,4950.0,TABU_CICLOS 30 80 250,1200.37,294,30,80,250
grafo-propio,100,4950.0,TABU_CICLOS 30 80 300,1482.65,233,30,80,300
grafo-propio,100,4950.0,TABU_CICLOS 30 80 350,1759.71,252,30,80,350
grafo-propio,100,4950.0,TABU_CICLOS 30 80 400,1925.57,229,30,80,400
grafo-propio,100,4950.0,TABU_CICLOS 30 90 100,549.941,239,30,90,100
grafo-propio,100,4950.0,TABU_CICLOS 30 90 150,838.571,201,30,90,150
grafo-propio,100,4950.0,TABU_CICLOS 30 90 200,1057.38,211,30,90,200
grafo-propio,100,4950.0,TABU_CICLOS 30 90 250,1342.07,276,30,90,250
grafo-propio,100,4950.0,TABU_CICLOS 30 90 300,1598.05,215,30,90,300
grafo-propio,100,4950.0,TABU_CICLOS 30 90 350,1933.51,259,30,90,350
grafo-propio,100,4950.0,TABU_CICLOS 30 90 400,2324.25,218,30,90,400
grafo-propio,100,4950.0,TABU_CICLOS 30 100 100,694.49,322,30,100,100
grafo-propio,100,4950.0,TABU_CICLOS 30 100 150,916.301,234,30,100,150
grafo-propio,100,4950.0,TABU_CICLOS 30 100 200,1251.78,240,30,100,200
grafo-propio,100,4950.0,TABU_CICLOS 30 100 250,1695.35,278,30,100,250
grafo-propio,100,4950.0,TABU_CICLOS 30 100 300,1826.21,215,30,100,300
grafo-propio,100,4950.0,TABU_CICLOS 30 100 350,2190.55,273,30,100,350
grafo-propio,100,4950.0,TABU_CICLOS 30 100 400,2513.52,279,30,100,400
grafo-propio,100,4950.0,TABU_CICLOS 40 10 100,102.164,302,40,10,100
grafo-propio,100,4950.0,TABU_CICLOS 40 10 150,137.824,302,40,10,150
grafo-propio,100,4950.0,TABU_CICLOS 40 10 200,186.312,302,40,10,200
grafo-propio,100,4950.0,TABU_CICLOS 40 10 250,201.462,302,40,10,250
grafo-propio,100,4950.0,TABU_CICLOS 40 10 300,231.169,302,40,10,300
grafo-propio,100,4950.0,TABU_CICLOS 40 10 350,285.723,296,40,10,350
grafo-propio,100,4950.0,TABU_CICLOS 40 10 400,337.907,296,40,10,400
grafo-propio,100,4950.0,TABU_CICLOS 40 20 100,151.902,237,40,20,100
grafo-propio,100,4950.0,TABU_CICLOS 40 20 150,224.408,237,40,20,150
grafo-propio,100,4950.0,TABU_CICLOS 40 20 200,307.644,285,40,20,200
grafo-propio,100,4950.0,TABU_CICLOS 40 20 250,367.384,285,40,20,250
grafo-propio,100,4950.0,TABU_CICLOS 40 20 300,495.908,285,40,20,300
grafo-propio,100,4950.0,TABU_CICLOS 40 20 350,534.407,322,40,20,350
grafo-propio,100,4950.0,TABU_CICLOS 40 20 400,615.296,322,40,20,400
grafo-propio,100,4950.0,TABU_CICLOS 40 30 100,217.325,286,40,30,100
grafo-propio,100,4950.0,TABU_CICLOS 40 30 150,335.45,286,40,30,150
grafo-propio,100,4950.0,TABU_CICLOS 40 30 200,469.242,328,40,30,200
grafo-propio,100,4950.0,TABU_CICLOS 40 30 250,578.444,328,40,30,250
grafo-propio,100,4950.0,TABU_CICLOS 40 30 300,652.616,269,40,30,300
grafo-propio,100,4950.0,TABU_CICLOS 40 30 350,725.571,249,40,30,350
grafo-propio,100,4950.0,TABU_CICLOS 40 30 400,875.878,267,40,30,400
grafo-propio,100,4950.0,TABU_CICLOS 40 40 100,338.886,323,40,40,100
grafo-propio,100,4950.0,TABU_CICLOS 40 40 150,516.13,323,40,40,150
grafo-propio,100,4950.0,TABU_CICLOS 40 40 200,636.465,247,40,40,200
grafo-propio,100,4950.0,TABU_CICLOS 40 40 250,701.443,251,40,40,250
grafo-propio,100,4950.0,TABU_CICLOS 40 40 300,848.602,282,40,40,300
grafo-propio,100,4950.0,TABU_CICLOS 40 40 350,1017.45,336,40,40,350
grafo-propio,100,4950.0,TABU_CICLOS 40 40 400,1087.51,264,40,40,400
grafo-propio,100,4950.0,TABU_CICLOS 40 50 100,351.52,310,40,50,100
grafo-propio,100,4950.0,TABU_CICLOS 40 50 150,504.315,272,40,50,150
grafo-propio,100,4950.0,TABU_CICLOS 40 50 200,656.897,272,40,50,200
grafo-propio,100,4950.0,TABU_CICLOS 40 50 250,806.4,322,40,50,250
grafo-propio,100,4950.0,TABU_CICLOS 40 50 300,1000.7,281,40,50,300
grafo-propio,100,4950.0,TABU_CICLOS 40 50 350,1142.04,322,40,50,350
grafo-propio,100,4950.0,TABU_CICLOS 40 50 400,1312.74,264,40,50,400
grafo-propio,100,4950.0,TABU_CICLOS 40 60 100,390.264,236,40,60,100
grafo-propio,100,4950.0,TABU_CICLOS 40 60 150,578.589,270,40,60,150
grafo-propio,100,4950.0,TABU_CICLOS 40 60 200,786.619,320,40,60,200
grafo-propio,100,4950.0,TABU_CICLOS 40 60 250,950.309,287,40,60,250
grafo-propio,100,4950.0,TABU_CICLOS 40 60 300,1141.56,296,40,60,300
grafo-propio,100,4950.0,TABU_CICLOS 40 60 350,1364.27,254,40,60,350
grafo-propio,100,4950.0,TABU_CICLOS 40 60 400,1701.74,231,40,60,400
grafo-propio,100,4950.0,TABU_CICLOS 40 70 100,480.945,273,40,70,100
grafo-propio,100,4950.0,TABU_CICLOS 40 70 150,717.027,250,40,70,150
grafo-propio,100,4950.0,TABU_CICLOS 40 70 200,1024.34,269,40,70,200
grafo-propio,100,4950.0,TABU_CICLOS 40 70 250,1275.93,279,40,70,250
grafo-propio,100,4950.0,TABU_CICLOS 40 70 300,1430.57,278,40,70,300
grafo-propio,100,4950.0,TABU_CICLOS 40 70 350,1513.75,211,40,70,350
grafo-propio,100,4950.0,TABU_CICLOS 40 70 400,1800.02,213,40,70,400
grafo-propio,100,4950.0,TABU_CICLOS 40 80 100,543.565,233,40,80,100
grafo-propio,100,4950.0,TABU_CICLOS 40 80 150,777.213,231,40,80,150
grafo-propio,100,4950.0,TABU_CICLOS 40 80 200,1040.31,294,40,80,200
grafo-propio,100,4950.0,TABU_CICLOS 40 80 250,1264.8,277,40,80,250
grafo-propio,100,4950.0,TABU_CICLOS 40 80 300,1582.67,283,40,80,300
grafo-propio,100,4950.0,TABU_CICLOS 40 80 350,1827.09,249,40,80,350
grafo-propio,100,4950.0,TABU_CICLOS 40 80 400,2172.73,264,40,80,400
grafo-propio,100,4950.0,TABU_CICLOS 40 90 100,579.406,294,40,90,100
grafo-propio,100,4950.0,TABU_CICLOS 40 90 150,904.1,294,40,90,150
grafo-propio,100,4950.0,TABU_CICLOS 40 90 200,1130.11,264,40,90,200
grafo-propio,100,4950.0,TABU_CICLOS 40 90 250,1432.44,278,40,90,250
grafo-propio,100,4950.0,TABU_CICLOS 40 90 300,1773.51,259,40,90,300
grafo-propio,100,4950.0,TABU_CICLOS 40 90 350,2110.02,217,40,90,350
grafo-propio,100,4950.0,TABU_CICLOS 40 90 400,2326.33,300,40,90,400
grafo-propio,100,4950.0,TABU_CICLOS 40 100 100,643.271,268,40,100,100
grafo-propio,100,4950.0,TABU_CICLOS 40 100 150,982.845,274,40,100,150
grafo-propio,100,4950.0,TABU_CICLOS 40 100 200,1279.07,226,40,100,200
grafo-propio,100,4950.0,TABU_CICLOS 40 100 250,1576.57,310,40,100,250
grafo-propio,100,4950.0,TABU_CICLOS 40 100 300,1848.24,279,40,100,300
grafo-propio,100,4950.0,TABU_CICLOS 40 100 350,2090.49,322,40,100,350
grafo-propio,100,4950.0,TABU_CICLOS 40 100 400,2315.13,274,40,100,400
grafo-propio,100,4950.0,TABU_CICLOS 50 10 100,80.777,288,50,10,100
grafo-propio,100,4950.0,TABU_CICLOS 50 10 150,116.694,288,50,10,150
grafo-propio,100,4950.0,TABU_CICLOS 50 10 200,159.91,288,50,10,200
grafo-propio,100,4950.0,TABU_CICLOS 50 10 250,211.458,288,50,10,250
grafo-propio,100,4950.0,TABU_CICLOS 50 10 300,252.395,288,50,10,300
grafo-propio,100,4950.0,TABU_CICLOS 50 10 350,273.155,277,50,10,350
grafo-propio,100,4950.0,TABU_CICLOS 50 10 400,311.828,277,50,10,400
grafo-propio,100,4950.0,TABU_CICLOS 50 20 100,154.328,256,50,20,100
grafo-propio,100,4950.0,TABU_CICLOS 50 20 150,240.223,266,50,20,150
grafo-propio,100,4950.0,TABU_CICLOS 50 20 200,344.411,298,50,20,200
grafo-propio,100,4950.0,TABU_CICLOS 50 20 250,427.646,298,50,20,250
grafo-propio,100,4950.0,TABU_CICLOS 50 20 300,461.549,271,50,20,300
grafo-propio,100,4950.0,TABU_CICLOS 50 20 350,569.003,271,50,20,350
grafo-propio,100,4950.0,TABU_CICLOS 50 20 400,683.16,249,50,20,400
grafo-propio,100,4950.0,TABU_CICLOS 50 30 100,241.156,248,50,30,100
grafo-propio,100,4950.0,TABU_CICLOS 50 30 150,347.881,321,50,30,150
grafo-propio,100,4950.0,TABU_CICLOS 50 30 200,434.444,321,50,30,200
grafo-propio,100,4950.0,TABU_CICLOS 50 30 250,536.622,332,50,30,250
grafo-propio,100,4950.0,TABU_CICLOS 50 30 300,630.239,324,50,30,300
grafo-propio,100,4950.0,TABU_CICLOS 50 30 350,758.749,297,50,30,350
grafo-propio,100,4950.0,TABU_CICLOS 50 30 400,865.604,297,50,30,400
grafo-propio,100,4950.0,TABU_CICLOS 50 40 100,322.079,261,50,40,100
grafo-propio,100,4950.0,TABU_CICLOS 50 40 150,478.689,271,50,40,150
grafo-propio,100,4950.0,TABU_CICLOS 50 40 200,575.358,271,50,40,200
grafo-propio,100,4950.0,TABU_CICLOS 50 40 250,686.369,275,50,40,250
grafo-propio,100,4950.0,TABU_CICLOS 50 40 300,928.777,275,50,40,300
grafo-propio,100,4950.0,TABU_CICLOS 50 40 350,1019.22,297,50,40,350
grafo-propio,100,4950.0,TABU_CICLOS 50 40 400,1156.56,242,50,40,400
grafo-propio,100,4950.0,TABU_CICLOS 50 50 100,333.732,321,50,50,100
grafo-propio,100,4950.0,TABU_CICLOS 50 50 150,549.156,276,50,50,150
grafo-propio,100,4950.0,TABU_CICLOS 50 50 200,750.701,276,50,50,200
grafo-propio,100,4950.0,TABU_CICLOS 50 50 250,975.912,223,50,50,250
grafo-propio,100,4950.0,TABU_CICLOS 50 50 300,1095.12,234,50,50,300
grafo-propio,100,4950.0,TABU_CICLOS 50 50 350,1298.05,312,50,50,350
grafo-propio,100,4950.0,TABU_CICLOS 50 50 400,1499.75,284,50,50,400
grafo-propio,100,4950.0,TABU_CICLOS 50 60 100,411.902,263,50,60,100
grafo-propio,100,4950.0,TABU_CICLOS 50 60 150,584.438,324,50,60,150
grafo-propio,100,4950.0,TABU_CICLOS 50 60 200,773.357,301,50,60,200
grafo-propio,100,4950.0,TABU_CICLOS 50 60 250,1083.32,322,50,60,250
grafo-propio,100,4950.0,TABU_CICLOS 50 60 300,1216.15,286,50,60,300
grafo-propio,100,4950.0,TABU_CICLOS 50 60 350,1414.95,219,50,60,350
grafo-propio,100,4950.0,TABU_CICLOS 50 60 400,1847.8,268,50,60,400
grafo-propio,100,4950.0,TABU_CICLOS 50 70 100,490.006,298,50,70,100
grafo-propio,100,4950.0,TABU_CICLOS 50 70 150,770.944,264,50,70,150
grafo-propio,100,4950.0,TABU_CICLOS 50 70 200,1096.1,254,50,70,200
grafo-propio,100,4950.0,TABU_CICLOS 50 70 250,1237.25,203,50,70,250
grafo-propio,100,4950.0,TABU_CICLOS 50 70 300,1427.85,242,50,70,300
grafo-propio,100,4950.0,TABU_CICLOS 50 70 350,1765.88,258,50,70,350
grafo-propio,100,4950.0,TABU_CICLOS 50 70 400,1878.21,278,50,70,400
grafo-propio,100,4950.0,TABU_CICLOS 50 80 100,535.561,282,50,80,100
grafo-propio,100,4950.0,TABU_CICLOS 50 80 150,792.491,247,50,80,150
grafo-propio,100,4950.0,TABU_CICLOS 50 80 200,1021.04,289,50,80,200
grafo-propio,100,4950.0,TABU_CICLOS 50 80 250,1316.36,247,50,80,250
grafo-propio,100,4950.0,TABU_CICLOS 50 80 300,1542.23,239,50,80,300
grafo-propio,100,4950.0,TABU_CICLOS 50 80 350,1801.38,257,50,80,350
grafo-propio,100,4950.0,TABU_CICLOS 50 80 400,2087.4,322,50,80,400
grafo-propio,100,4950.0,TABU_CICLOS 50 90 100,598.478,300,50,90,100
grafo-propio,100,4950.0,TABU_CICLOS 50 90 150,939.914,245,50,90,150
grafo-propio,100,4950.0,TABU_CICLOS 50 90 200,1211.52,221,50,90,200
grafo-propio,100,4950.0,TABU_CICLOS 50 90 250,1583.48,297,50,90,250
grafo-propio,100,4950.0,TABU_CICLOS 50 90 300,1767.61,250,50,90,300
grafo-propio,100,4950.0,TABU_CICLOS 50 90 350,2225.23,241,50,90,350
grafo-propio,100,4950.0,TABU_CICLOS 50 90 400,2265.75,240,50,90,400
grafo-propio,100,4950.0,TABU_CICLOS 50 100 100,647.496,228,50,100,100
grafo-propio,100,4950.0,TABU_CICLOS 50 100 150,924.593,226,50,100,150
grafo-propio,100,4950.0,TABU_CICLOS 50 100 200,1287.35,229,50,100,200
grafo-propio,100,4950.0,TABU_CICLOS 50 100 250,1764.81,309,50,100,250
grafo-propio,100,4950.0,TABU_CICLOS 50 100 300,1913.64,247,50,100,300
grafo-propio,100,4950.0,TABU_CICLOS 50 100 350,2238.5,219,50,100,350
grafo-propio,100,4950.0,TABU_CICLOS 50 100 400,2396.47,236,50,100,400
grafo-propio,100,4950.0,TABU_CICLOS 60 10 100,80.7503,283,60,10,100
grafo-propio,100,4950.0,TABU_CICLOS 60 10 150,123.981,303,60,10,150
grafo-propio,100,4950.0,TABU_CICLOS 60 10 200,161.549,270,60,10,200
grafo-propio,100,4950.0,TABU_CICLOS 60 10 250,202.636,270,60,10,250
grafo-propio,100,4950.0,TABU_CICLOS 60 10 300,242.525,270,60,10,300
grafo-propio,100,4950.0,TABU_CICLOS 60 10 350,313.616,270,60,10,350
grafo-propio,100,4950.0,TABU_CICLOS 60 10 400,334.061,347,60,10,400
grafo-propio,100,4950.0,TABU_CICLOS 60 20 100,160.526,344,60,20,100
grafo-propio,100,4950.0,TABU_CICLOS 60 20 150,226.034,344,60,20,150
grafo-propio,100,4950.0,TABU_CICLOS 60 20 200,316.521,344,60,20,200
grafo-propio,100,4950.0,TABU_CICLOS 60 20 250,374.526,339,60,20,250
grafo-propio,100,4950.0,TABU_CICLOS 60 20 300,444.392,339,60,20,300
grafo-propio,100,4950.0,TABU_CICLOS 60 20 350,520.105,320,60,20,350
grafo-propio,100,4950.0,TABU_CICLOS 60 20 400,619.143,320,60,20,400
grafo-propio,100,4950.0,TABU_CICLOS 60 30 100,250.973,324,60,30,100
grafo-propio,100,4950.0,TABU_CICLOS 60 30 150,343.581,324,60,30,150
grafo-propio,100,4950.0,TABU_CICLOS 60 30 200,492.655,324,60,30,200
grafo-propio,100,4950.0,TABU_CICLOS 60 30 250,604.94,244,60,30,250
grafo-propio,100,4950.0,TABU_CICLOS 60 30 300,700.532,272,60,30,300
grafo-propio,100,4950.0,TABU_CICLOS 60 30 350,830.042,264,60,30,350
grafo-propio,100,4950.0,TABU_CICLOS 60 30 400,928.609,261,60,30,400
grafo-propio,100,4950.0,TABU_CICLOS 60 40 100,291.052,277,60,40,100
grafo-propio,100,4950.0,TABU_CICLOS 60 40 150,448.197,292,60,40,150
grafo-propio,100,4950.0,TABU_CICLOS 60 40 200,623.615,322,60,40,200
grafo-propio,100,4950.0,TABU_CICLOS 60 40 250,753.076,270,60,40,250
grafo-propio,100,4950.0,TABU_CICLOS 60 40 300,928.587,249,60,40,300
grafo-propio,100,4950.0,TABU_CICLOS 60 40 350,1029.61,211,60,40,350
grafo-propio,100,4950.0,TABU_CICLOS 60 40 400,1114.5,328,60,40,400
grafo-propio,100,4950.0,TABU_CICLOS 60 50 100,328.746,241,60,50,100
grafo-propio,100,4950.0,TABU_CICLOS 60 50 150,491.982,257,60,50,150
grafo-propio,100,4950.0,TABU_CICLOS 60 50 200,668.684,246,60,50,200
grafo-propio,100,4950.0,TABU_CICLOS 60 50 250,830.361,236,60,50,250
grafo-propio,100,4950.0,TABU_CICLOS 60 50 300,1046.69,298,60,50,300
grafo-propio,100,4950.0,TABU_CICLOS 60 50 350,1204.85,207,60,50,350
grafo-propio,100,4950.0,TABU_CICLOS 60 50 400,1374.37,316,60,50,400
grafo-propio,100,4950.0,TABU_CICLOS 60 60 100,400.162,242,60,60,100
grafo-propio,100,4950.0,TABU_CICLOS 60 60 150,602.615,264,60,60,150
grafo-propio,100,4950.0,TABU_CICLOS 60 60 200,788.021,322,60,60,200
grafo-propio,100,4950.0,TABU_CICLOS 60 60 250,977.283,324,60,60,250
grafo-propio,100,4950.0,TABU_CICLOS 60 60 300,1156.05,219,60,60,300
grafo-propio,100,4950.0,TABU_CICLOS 60 60 350,1506.25,247,60,60,350
grafo-propio,100,4950.0,TABU_CICLOS 60 60 400,1572.07,219,60,60,400
grafo-propio,100,4950.0,TABU_CICLOS 60 70 100,447.402,291,60,70,100
grafo-propio,100,4950.0,TABU_CICLOS 60 70 150,694.513,284,60,70,150
grafo-propio,100,4950.0,TABU_CICLOS 60 70 200,1006.0,269,60,70,200
grafo-propio,100,4950.0,TABU_CICLOS 60 70 250,1209.0,322,60,70,250
grafo-propio,100,4950.0,TABU_CICLOS 60 70 300,1431.45,269,60,70,300
grafo-propio,100,4950.0,TABU_CICLOS 60 70 350,1603.53,236,60,70,350
grafo-propio,100,4950.0,TABU_CICLOS 60 70 400,1899.61,287,60,70,400
grafo-propio,100,4950.0,TABU_CICLOS 60 80 100,503.484,313,60,80,100
grafo-propio,100,4950.0,TABU_CICLOS 60 80 150,828.116,297,60,80,150
grafo-propio,100,4950.0,TABU_CICLOS 60 80 200,1020.39,225,60,80,200
grafo-propio,100,4950.0,TABU_CICLOS 60 80 250,1486.46,295,60,80,250
grafo-propio,100,4950.0,TABU_CICLOS 60 80 300,1750.17,256,60,80,300
grafo-propio,100,4950.0,TABU_CICLOS 60 80 350,1954.63,242,60,80,350
grafo-propio,100,4950.0,TABU_CICLOS 60 80 400,2296.9,272,60,80,400
grafo-propio,100,4950.0,TABU_CICLOS 60 90 100,599.268,217,60,90,100
grafo-propio,100,4950.0,TABU_CICLOS 60 90 150,944.057,221,60,90,150
grafo-propio,100,4950.0,TABU_CICLOS 60 90 200,1106.6,249,60,90,200
grafo-propio,100,4950.0,TABU_CICLOS 60 90 250,1483.67,244,60,90,250
grafo-propio,100,4950.0,TABU_CICLOS 60 90 300,1768.26,216,60,90,300
grafo-propio,100,4950.0,TABU_CICLOS 60 90 350,2079.15,272,60,90,350
grafo-propio,100,4950.0,TABU_CICLOS 60 90 400,2282.65,269,60,90,400
grafo-propio,100,4950.0,TABU_CICLOS 60 100 100,661.732,228,60,100,100
grafo-propio,100,4950.0,TABU_CICLOS 60 100 150,930.935,279,60,100,150
grafo-propio,100,4950.0,TABU_CICLOS 60 100 200,1162.98,294,60,100,200
grafo-propio,100,4950.0,TABU_CICLOS 60 100 250,1518.54,264,60,100,250
grafo-propio,100,4950.0,TABU_CICLOS 60 100 300,2006.9,205,60,100,300
grafo-propio,100,4950.0,TABU_CICLOS 60 100 350,2236.34,300,60,100,350
grafo-propio,100,4950.0,TABU_CICLOS 60 100 400,2523.75,213,60,100,400
grafo-propio,100,4950.0,TABU_CICLOS 70 10 100,105.939,293,70,10,100
grafo-propio,100,4950.0,TABU_CICLOS 70 10 150,140.211,293,70,10,150
grafo-propio,100,4950.0,TABU_CICLOS 70 10 200,182.973,293,70,10,200
grafo-propio,100,4950.0,TABU_CICLOS 70 10 250,230.702,309,70,10,250
grafo-propio,100,4950.0,TABU_CICLOS 70 10 300,246.342,309,70,10,300
grafo-propio,100,4950.0,TABU_CICLOS 70 10 350,336.213,309,70,10,350
grafo-propio,100,4950.0,TABU_CICLOS 70 10 400,326.285,337,70,10,400
grafo-propio,100,4950.0,TABU_CICLOS 70 20 100,156.218,289,70,20,100
grafo-propio,100,4950.0,TABU_CICLOS 70 20 150,251.183,289,70,20,150
grafo-propio,100,4950.0,TABU_CICLOS 70 20 200,344.644,289,70,20,200
grafo-propio,100,4950.0,TABU_CICLOS 70 20 250,399.384,275,70,20,250
grafo-propio,100,4950.0,TABU_CICLOS 70 20 300,491.278,275,70,20,300
grafo-propio,100,4950.0,TABU_CICLOS 70 20 350,579.792,280,70,20,350
grafo-propio,100,4950.0,TABU_CICLOS 70 20 400,658.735,280,70,20,400
grafo-propio,100,4950.0,TABU_CICLOS 70 30 100,267.849,288,70,30,100
grafo-propio,100,4950.0,TABU_CICLOS 70 30 150,405.278,288,70,30,150
grafo-propio,100,4950.0,TABU_CICLOS 70 30 200,508.774,265,70,30,200
grafo-propio,100,4950.0,TABU_CICLOS 70 30 250,575.516,286,70,30,250
grafo-propio,100,4950.0,TABU_CICLOS 70 30 300,688.194,294,70,30,300
grafo-propio,100,4950.0,TABU_CICLOS 70 30 350,786.694,318,70,30,350
grafo-propio,100,4950.0,TABU_CICLOS 70 30 400,899.3,324,70,30,400
grafo-propio,100,4950.0,TABU_CICLOS 70 40 100,316.796,332,70,40,100
grafo-propio,100,4950.0,TABU_CICLOS 70 40 150,506.899,332,70,40,150
grafo-propio,100,4950.0,TABU_CICLOS 70 40 200,593.839,238,70,40,200
grafo-propio,100,4950.0,TABU_CICLOS 70 40 250,768.539,239,70,40,250
grafo-propio,100,4950.0,TABU_CICLOS 70 40 300,852.737,214,70,40,300
grafo-propio,100,4950.0,TABU_CICLOS 70 40 350,1011.35,324,70,40,350
grafo-propio,100,4950.0,TABU_CICLOS 70 40 400,1096.9,301,70,40,400
grafo-propio,100,4950.0,TABU_CICLOS 70 50 100,323.444,272,70,50,100
grafo-propio,100,4950.0,TABU_CICLOS 70 50 150,506.684,255,70,50,150
grafo-propio,100,4950.0,TABU_CICLOS 70 50 200,676.232,261,70,50,200
grafo-propio,100,4950.0,TABU_CICLOS 70 50 250,821.864,239,70,50,250
grafo-propio,100,4950.0,TABU_CICLOS 70 50 300,998.318,307,70,50,300
grafo-propio,100,4950.0,TABU_CICLOS 70 50 350,1152.69,321,70,50,350
grafo-propio,100,4950.0,TABU_CICLOS 70 50 400,1322.94,277,70,50,400
grafo-propio,100,4950.0,TABU_CICLOS 70 60 100,387.024,226,70,60,100
grafo-propio,100,4950.0,TABU_CICLOS 70 60 150,587.969,322,70,60,150
grafo-propio,100,4950.0,TABU_CICLOS 70 60 200,799.244,322,70,60,200
grafo-propio,100,4950.0,TABU_CICLOS 70 60 250,951.316,282,70,60,250
grafo-propio,100,4950.0,TABU_CICLOS 70 60 300,1168.31,279,70,60,300
grafo-propio,100,4950.0,TABU_CICLOS 70 60 350,1383.88,282,70,60,350
grafo-propio,100,4950.0,TABU_CICLOS 70 60 400,1600.33,265,70,60,400
grafo-propio,100,4950.0,TABU_CICLOS 70 70 100,445.498,267,70,70,100
grafo-propio,100,4950.0,TABU_CICLOS 70 70 150,674.209,250,70,70,150
grafo-propio,100,4950.0,TABU_CICLOS 70 70 200,941.749,260,70,70,200
grafo-propio,100,4950.0,TABU_CICLOS 70 70 250,1261.37,255,70,70,250
grafo-propio,100,4950.0,TABU_CICLOS 70 70 300,1492.48,259,70,70,300
grafo-propio,100,4950.0,TABU_CICLOS 70 70 350,1586.25,220,70,70,350
grafo-propio,100,4950.0,TABU_CICLOS 70 70 400,2234.21,304,70,70,400
grafo-propio,100,4950.0,TABU_CICLOS 70 80 100,541.625,288,70,80,100
grafo-propio,100,4950.0,TABU_CICLOS 70 80 150,918.13,288,70,80,150
grafo-propio,100,4950.0,TABU_CICLOS 70 80 200,1258.59,273,70,80,200
grafo-propio,100,4950.0,TABU_CICLOS 70 80 250,1413.0,246,70,80,250
grafo-propio,100,4950.0,TABU_CICLOS 70 80 300,1568.54,248,70,80,300
grafo-propio,100,4950.0,TABU_CICLOS 70 80 350,1821.53,262,70,80,350
grafo-propio,100,4950.0,TABU_CICLOS 70 80 400,2046.4,322,70,80,400
grafo-propio,100,4950.0,TABU_CICLOS 70 90 100,572.46,228,70,90,100
grafo-propio,100,4950.0,TABU_CICLOS 70 90 150,851.017,219,70,90,150
grafo-propio,100,4950.0,TABU_CICLOS 70 90 200,1127.07,250,70,90,200
grafo-propio,100,4950.0,TABU_CICLOS 70 90 250,1416.98,239,70,90,250
grafo-propio,100,4950.0,TABU_CICLOS 70 90 300,1732.14,322,70,90,300
grafo-propio,100,4950.0,TABU_CICLOS 70 90 350,1916.5,243,70,90,350
grafo-propio,100,4950.0,TABU_CICLOS 70 90 400,2123.6,231,70,90,400
grafo-propio,100,4950.0,TABU_CICLOS 70 100 100,578.182,279,70,100,100
grafo-propio,100,4950.0,TABU_CICLOS 70 100 150,869.875,222,70,100,150
grafo-propio,100,4950.0,TABU_CICLOS 70 100 200,1163.85,322,70,100,200
grafo-propio,100,4950.0,TABU_CICLOS 70 100 250,1464.74,266,70,100,250
grafo-propio,100,4950.0,TABU_CICLOS 70 100 300,1753.22,284,70,100,300
grafo-propio,100,4950.0,TABU_CICLOS 70 100 350,2052.83,285,70,100,350
grafo-propio,100,4950.0,TABU_CICLOS 70 100 400,2339.25,259,70,100,400
grafo-propio,100,4950.0,TABU_CICLOS 80 10 100,86.6371,308,80,10,100
grafo-propio,100,4950.0,TABU_CICLOS 80 10 150,125.356,308,80,10,150
grafo-propio,100,4950.0,TABU_CICLOS 80 10 200,164.954,308,80,10,200
grafo-propio,100,4950.0,TABU_CICLOS 80 10 250,213.98,308,80,10,250
grafo-propio,100,4950.0,TABU_CICLOS 80 10 300,253.192,308,80,10,300
grafo-propio,100,4950.0,TABU_CICLOS 80 10 350,273.005,321,80,10,350
grafo-propio,100,4950.0,TABU_CICLOS 80 10 400,312.168,321,80,10,400
grafo-propio,100,4950.0,TABU_CICLOS 80 20 100,146.489,290,80,20,100
grafo-propio,100,4950.0,TABU_CICLOS 80 20 150,220.508,282,80,20,150
grafo-propio,100,4950.0,TABU_CICLOS 80 20 200,315.925,323,80,20,200
grafo-propio,100,4950.0,TABU_CICLOS 80 20 250,381.556,323,80,20,250
grafo-propio,100,4950.0,TABU_CICLOS 80 20 300,447.756,323,80,20,300
grafo-propio,100,4950.0,TABU_CICLOS 80 20 350,529.259,296,80,20,350
grafo-propio,100,4950.0,TABU_CICLOS 80 20 400,634.218,296,80,20,400
grafo-propio,100,4950.0,TABU_CICLOS 80 30 100,229.604,279,80,30,100
grafo-propio,100,4950.0,TABU_CICLOS 80 30 150,335.399,279,80,30,150
grafo-propio,100,4950.0,TABU_CICLOS 80 30 200,458.176,295,80,30,200
grafo-propio,100,4950.0,TABU_CICLOS 80 30 250,535.439,319,80,30,250
grafo-propio,100,4950.0,TABU_CICLOS 80 30 300,698.5,308,80,30,300
grafo-propio,100,4950.0,TABU_CICLOS 80 30 350,757.509,251,80,30,350
grafo-propio,100,4950.0,TABU_CICLOS 80 30 400,902.7,271,80,30,400
grafo-propio,100,4950.0,TABU_CICLOS 80 40 100,294.075,306,80,40,100
grafo-propio,100,4950.0,TABU_CICLOS 80 40 150,494.374,306,80,40,150
grafo-propio,100,4950.0,TABU_CICLOS 80 40 200,555.201,240,80,40,200
grafo-propio,100,4950.0,TABU_CICLOS 80 40 250,778.5,243,80,40,250
grafo-propio,100,4950.0,TABU_CICLOS 80 40 300,855.704,267,80,40,300
grafo-propio,100,4950.0,TABU_CICLOS 80 40 350,988.872,265,80,40,350
grafo-propio,100,4950.0,TABU_CICLOS 80 40 400,1097.35,264,80,40,400
grafo-propio,100,4950.0,TABU_CICLOS 80 50 100,331.581,225,80,50,100
grafo-propio,100,4950.0,TABU_CICLOS 80 50 150,504.653,220,80,50,150
grafo-propio,100,4950.0,TABU_CICLOS 80 50 200,668.763,232,80,50,200
grafo-propio,100,4950.0,TABU_CICLOS 80 50 250,857.064,299,80,50,250
grafo-propio,100,4950.0,TABU_CICLOS 80 50 300,1027.84,255,80,50,300
grafo-propio,100,4950.0,TABU_CICLOS 80 50 350,1270.85,263,80,50,350
grafo-propio,100,4950.0,TABU_CICLOS 80 50 400,1393.14,222,80,50,400
grafo-propio,100,4950.0,TABU_CICLOS 80 60 100,407.678,240,80,60,100
grafo-propio,100,4950.0,TABU_CICLOS 80 60 150,614.346,262,80,60,150
grafo-propio,100,4950.0,TABU_CICLOS 80 60 200,788.205,262,80,60,200
grafo-propio,100,4950.0,TABU_CICLOS 80 60 250,1002.6,239,80,60,250
grafo-propio,100,4950.0,TABU_CICLOS 80 60 300,1169.23,254,80,60,300
grafo-propio,100,4950.0,TABU_CICLOS 80 60 350,1425.72,239,80,60,350
grafo-propio,100,4950.0,TABU_CICLOS 80 60 400,1612.22,255,80,60,400
grafo-propio,100,4950.0,TABU_CICLOS 80 70 100,493.569,270,80,70,100
grafo-propio,100,4950.0,TABU_CICLOS 80 70 150,762.244,328,80,70,150
grafo-propio,100,4950.0,TABU_CICLOS 80 70 200,962.246,300,80,70,200
grafo-propio,100,4950.0,TABU_CICLOS 80 70 250,1201.12,264,80,70,250
grafo-propio,100,4950.0,TABU_CICLOS 80 70 300,1587.67,254,80,70,300
grafo-propio,100,4950.0,TABU_CICLOS 80 70 350,1794.56,230,80,70,350
grafo-propio,100,4950.0,TABU_CICLOS 80 70 400,1883.61,295,80,70,400
grafo-propio,100,4950.0,TABU_CICLOS 80 80 100,529.485,307,80,80,100
grafo-propio,100,4950.0,TABU_CICLOS 80 80 150,761.02,288,80,80,150
grafo-propio,100,4950.0,TABU_CICLOS 80 80 200,1289.43,288,80,80,200
grafo-propio,100,4950.0,TABU_CICLOS 80 80 250,1474.5,305,80,80,250
grafo-propio,100,4950.0,TABU_CICLOS 80 80 300,1587.74,260,80,80,300
grafo-propio,100,4950.0,TABU_CICLOS 80 80 350,1832.18,248,80,80,350
grafo-propio,100,4950.0,TABU_CICLOS 80 80 400,2198.22,284,80,80,400
grafo-propio,100,4950.0,TABU_CICLOS 80 90 100,539.413,236,80,90,100
grafo-propio,100,4950.0,TABU_CICLOS 80 90 150,935.665,232,80,90,150
grafo-propio,100,4950.0,TABU_CICLOS 80 90 200,1109.58,226,80,90,200
grafo-propio,100,4950.0,TABU_CICLOS 80 90 250,1353.84,273,80,90,250
grafo-propio,100,4950.0,TABU_CICLOS 80 90 300,1766.94,267,80,90,300
grafo-propio,100,4950.0,TABU_CICLOS 80 90 350,2007.45,204,80,90,350
grafo-propio,100,4950.0,TABU_CICLOS 80 90 400,2280.49,322,80,90,400
grafo-propio,100,4950.0,TABU_CICLOS 80 100 100,579.323,255,80,100,100
grafo-propio,100,4950.0,TABU_CICLOS 80 100 150,885.659,253,80,100,150
grafo-propio,100,4950.0,TABU_CICLOS 80 100 200,1179.97,268,80,100,200
grafo-propio,100,4950.0,TABU_CICLOS 80 100 250,1481.87,225,80,100,250
grafo-propio,100,4950.0,TABU_CICLOS 80 100 300,1792.95,235,80,100,300
grafo-propio,100,4950.0,TABU_CICLOS 80 100 350,2341.79,281,80,100,350
grafo-propio,100,4950.0,TABU_CICLOS 80 100 400,2558.17,307,80,100,400
grafo-propio,100,4950.0,TABU_CICLOS 90 10 100,81.2304,321,90,10,100
grafo-propio,100,4950.0,TABU_CICLOS 90 10 150,156.273,321,90,10,150
grafo-propio,100,4950.0,TABU_CICLOS 90 10 200,166.008,321,90,10,200
grafo-propio,100,4950.0,TABU_CICLOS 90 10 250,205.36,321,90,10,250
grafo-propio,100,4950.0,TABU_CICLOS 90 10 300,225.158,321,90,10,300
grafo-propio,100,4950.0,TABU_CICLOS 90 10 350,300.312,324,90,10,350
grafo-propio,100,4950.0,TABU_CICLOS 90 10 400,377.745,324,90,10,400
grafo-propio,100,4950.0,TABU_CICLOS 90 20 100,173.069,306,90,20,100
grafo-propio,100,4950.0,TABU_CICLOS 90 20 150,249.114,279,90,20,150
grafo-propio,100,4950.0,TABU_CICLOS 90 20 200,316.552,279,90,20,200
grafo-propio,100,4950.0,TABU_CICLOS 90 20 250,400.504,258,90,20,250
grafo-propio,100,4950.0,TABU_CICLOS 90 20 300,483.503,288,90,20,300
grafo-propio,100,4950.0,TABU_CICLOS 90 20 350,552.403,288,90,20,350
grafo-propio,100,4950.0,TABU_CICLOS 90 20 400,610.841,238,90,20,400
grafo-propio,100,4950.0,TABU_CICLOS 90 30 100,234.378,317,90,30,100
grafo-propio,100,4950.0,TABU_CICLOS 90 30 150,368.645,296,90,30,150
grafo-propio,100,4950.0,TABU_CICLOS 90 30 200,433.238,296,90,30,200
grafo-propio,100,4950.0,TABU_CICLOS 90 30 250,534.567,296,90,30,250
grafo-propio,100,4950.0,TABU_CICLOS 90 30 300,725.808,302,90,30,300
grafo-propio,100,4950.0,TABU_CICLOS 90 30 350,828.999,271,90,30,350
grafo-propio,100,4950.0,TABU_CICLOS 90 30 400,928.553,276,90,30,400
grafo-propio,100,4950.0,TABU_CICLOS 90 40 100,295.576,287,90,40,100
grafo-propio,100,4950.0,TABU_CICLOS 90 40 150,495.596,290,90,40,150
grafo-propio,100,4950.0,TABU_CICLOS 90 40 200,619.464,290,90,40,200
grafo-propio,100,4950.0,TABU_CICLOS 90 40 250,754.92,269,90,40,250
grafo-propio,100,4950.0,TABU_CICLOS 90 40 300,888.647,272,90,40,300
grafo-propio,100,4950.0,TABU_CICLOS 90 40 350,1014.97,252,90,40,350
grafo-propio,100,4950.0,TABU_CICLOS 90 40 400,1150.35,332,90,40,400
grafo-propio,100,4950.0,TABU_CICLOS 90 50 100,354.535,257,90,50,100
grafo-propio,100,4950.0,TABU_CICLOS 90 50 150,504.126,257,90,50,150
grafo-propio,100,4950.0,TABU_CICLOS 90 50 200,673.149,252,90,50,200
grafo-propio,100,4950.0,TABU_CICLOS 90 50 250,861.237,252,90,50,250
grafo-propio,100,4950.0,TABU_CICLOS 90 50 300,1017.58,250,90,50,300
grafo-propio,100,4950.0,TABU_CICLOS 90 50 350,1243.2,256,90,50,350
grafo-propio,100,4950.0,TABU_CICLOS 90 50 400,1285.59,293,90,50,400
grafo-propio,100,4950.0,TABU_CICLOS 90 60 100,384.895,271,90,60,100
grafo-propio,100,4950.0,TABU_CICLOS 90 60 150,582.73,271,90,60,150
grafo-propio,100,4950.0,TABU_CICLOS 90 60 200,773.734,297,90,60,200
grafo-propio,100,4950.0,TABU_CICLOS 90 60 250,1004.21,240,90,60,250
grafo-propio,100,4950.0,TABU_CICLOS 90 60 300,1250.95,252,90,60,300
grafo-propio,100,4950.0,TABU_CICLOS 90 60 350,1432.24,265,90,60,350
grafo-propio,100,4950.0,TABU_CICLOS 90 60 400,1516.27,216,90,60,400
grafo-propio,100,4950.0,TABU_CICLOS 90 70 100,433.436,280,90,70,100
grafo-propio,100,4950.0,TABU_CICLOS 90 70 150,662.211,280,90,70,150
grafo-propio,100,4950.0,TABU_CICLOS 90 70 200,924.324,271,90,70,200
grafo-propio,100,4950.0,TABU_CICLOS 90 70 250,1121.85,255,90,70,250
grafo-propio,100,4950.0,TABU_CICLOS 90 70 300,1339.41,322,90,70,300
grafo-propio,100,4950.0,TABU_CICLOS 90 70 350,1594.56,281,90,70,350
grafo-propio,100,4950.0,TABU_CICLOS 90 70 400,1784.43,239,90,70,400
grafo-propio,100,4950.0,TABU_CICLOS 90 80 100,522.442,256,90,80,100
grafo-propio,100,4950.0,TABU_CICLOS 90 80 150,784.012,256,90,80,150
grafo-propio,100,4950.0,TABU_CICLOS 90 80 200,1014.45,233,90,80,200
grafo-propio,100,4950.0,TABU_CICLOS 90 80 250,1346.45,258,90,80,250
grafo-propio,100,4950.0,TABU_CICLOS 90 80 300,1555.97,268,90,80,300
grafo-propio,100,4950.0,TABU_CICLOS 90 80 350,1713.08,237,90,80,350
grafo-propio,100,4950.0,TABU_CICLOS 90 80 400,1911.39,265,90,80,400
grafo-propio,100,4950.0,TABU_CICLOS 90 90 100,559.331,298,90,90,100
grafo-propio,100,4950.0,TABU_CICLOS 90 90 150,812.736,284,90,90,150
grafo-propio,100,4950.0,TABU_CICLOS 90 90 200,1062.56,233,90,90,200
grafo-propio,100,4950.0,TABU_CICLOS 90 90 250,1312.42,319,90,90,250
grafo-propio,100,4950.0,TABU_CICLOS 90 90 300,1589.88,322,90,90,300
grafo-propio,100,4950.0,TABU_CICLOS 90 90 350,1904.06,276,90,90,350
grafo-propio,100,4950.0,TABU_CICLOS 90 90 400,2164.44,271,90,90,400
grafo-propio,100,4950.0,TABU_CICLOS 90 100 100,609.642,251,90,100,100
grafo-propio,100,4950.0,TABU_CICLOS 90 100 150,908.013,292,90,100,150
grafo-propio,100,4950.0,TABU_CICLOS 90 100 200,1222.62,250,90,100,200
grafo-propio,100,4950.0,TABU_CICLOS 90 100 250,1652.69,280,90,100,250
grafo-propio,100,4950.0,TABU_CICLOS 90 100 300,1848.35,216,90,100,300
grafo-propio,100,4950.0,TABU_CICLOS 90 100 350,2022.58,198,90,100,350
grafo-propio,100,4950.0,TABU_CICLOS 90 100 400,2307.9,270,90,100,400
grafo-propio,100,4950.0,TABU_CICLOS 100 10 100,80.0991,307,100,10,100
grafo-propio,100,4950.0,TABU_CICLOS 100 10 150,116.329,307,100,10,150
grafo-propio,100,4950.0,TABU_CICLOS 100 10 200,159.465,307,100,10,200
grafo-propio,100,4950.0,TABU_CICLOS 100 10 250,192.81,307,100,10,250
grafo-propio,100,4950.0,TABU_CICLOS 100 10 300,234.956,307,100,10,300
grafo-propio,100,4950.0,TABU_CICLOS 100 10 350,258.152,291,100,10,350
grafo-propio,100,4950.0,TABU_CICLOS 100 10 400,305.448,291,100,10,400
grafo-propio,100,4950.0,TABU_CICLOS 100 20 100,144.313,301,100,20,100
grafo-propio,100,4950.0,TABU_CICLOS 100 20 150,220.866,301,100,20,150
grafo-propio,100,4950.0,TABU_CICLOS 100 20 200,291.745,288,100,20,200
grafo-propio,100,4950.0,TABU_CICLOS 100 20 250,358.131,288,100,20,250
grafo-propio,100,4950.0,TABU_CICLOS 100 20 300,441.331,281,100,20,300
grafo-propio,100,4950.0,TABU_CICLOS 100 20 350,496.437,263,100,20,350
grafo-propio,100,4950.0,TABU_CICLOS 100 20 400,564.327,250,100,20,400
grafo-propio,100,4950.0,TABU_CICLOS 100 30 100,217.985,257,100,30,100
grafo-propio,100,4950.0,TABU_CICLOS 100 30 150,310.866,257,100,30,150
grafo-propio,100,4950.0,TABU_CICLOS 100 30 200,421.577,261,100,30,200
grafo-propio,100,4950.0,TABU_CICLOS 100 30 250,515.21,271,100,30,250
grafo-propio,100,4950.0,TABU_CICLOS 100 30 300,650.545,271,100,30,300
grafo-propio,100,4950.0,TABU_CICLOS 100 30 350,759.698,336,100,30,350
grafo-propio,100,4950.0,TABU_CICLOS 100 30 400,861.18,238,100,30,400
grafo-propio,100,4950.0,TABU_CICLOS 100 40 100,308.051,278,100,40,100
grafo-propio,100,4950.0,TABU_CICLOS 100 40 150,484.347,278,100,40,150
grafo-propio,100,4950.0,TABU_CICLOS 100 40 200,619.605,256,100,40,200
grafo-propio,100,4950.0,TABU_CICLOS 100 40 250,699.133,266,100,40,250
grafo-propio,100,4950.0,TABU_CICLOS 100 40 300,863.645,282,100,40,300
grafo-propio,100,4950.0,TABU_CICLOS 100 40 350,960.802,281,100,40,350
grafo-propio,100,4950.0,TABU_CICLOS 100 40 400,1062.6,239,100,40,400
grafo-propio,100,4950.0,TABU_CICLOS 100 50 100,338.068,290,100,50,100
grafo-propio,100,4950.0,TABU_CICLOS 100 50 150,507.346,290,100,50,150
grafo-propio,100,4950.0,TABU_CICLOS 100 50 200,707.757,262,100,50,200
grafo-propio,100,4950.0,TABU_CICLOS 100 50 250,862.625,271,100,50,250
grafo-propio,100,4950.0,TABU_CICLOS 100 50 300,1055.81,238,100,50,300
grafo-propio,100,4950.0,TABU_CICLOS 100 50 350,1251.63,230,100,50,350
grafo-propio,100,4950.0,TABU_CICLOS 100 50 400,1481.02,305,100,50,400
grafo-propio,100,4950.0,TABU_CICLOS 100 60 100,432.829,294,100,60,100
grafo-propio,100,4950.0,TABU_CICLOS 100 60 150,628.492,321,100,60,150
grafo-propio,100,4950.0,TABU_CICLOS 100 60 200,782.057,321,100,60,200
grafo-propio,100,4950.0,TABU_CICLOS 100 60 250,951.994,258,100,60,250
grafo-propio,100,4950.0,TABU_CICLOS 100 60 300,1214.64,259,100,60,300
grafo-propio,100,4950.0,TABU_CICLOS 100 60 350,1392.79,279,100,60,350
grafo-propio,100,4950.0,TABU_CICLOS 100 60 400,1723.59,316,100,60,400
grafo-propio,100,4950.0,TABU_CICLOS 100 70 100,449.62,214,100,70,100
grafo-propio,100,4950.0,TABU_CICLOS 100 70 150,719.419,322,100,70,150
grafo-propio,100,4950.0,TABU_CICLOS 100 70 200,986.443,320,100,70,200
grafo-propio,100,4950.0,TABU_CICLOS 100 70 250,1140.82,322,100,70,250
grafo-propio,100,4950.0,TABU_CICLOS 100 70 300,1321.27,287,100,70,300
grafo-propio,100,4950.0,TABU_CICLOS 100 70 350,1559.38,231,100,70,350
grafo-propio,100,4950.0,TABU_CICLOS 100 70 400,1951.68,237,100,70,400
grafo-propio,100,4950.0,TABU_CICLOS 100 80 100,539.141,229,100,80,100
grafo-propio,100,4950.0,TABU_CICLOS 100 80 150,847.505,217,100,80,150
grafo-propio,100,4950.0,TABU_CICLOS 100 80 200,1094.42,248,100,80,200
grafo-propio,100,4950.0,TABU_CICLOS 100 80 250,1362.53,208,100,80,250
grafo-propio,100,4950.0,TABU_CICLOS 100 80 300,1586.15,263,100,80,300
grafo-propio,100,4950.0,TABU_CICLOS 100 80 350,1810.32,267,100,80,350
grafo-propio,100,4950.0,TABU_CICLOS 100 80 400,2174.18,272,100,80,400
grafo-propio,100,4950.0,TABU_CICLOS 100 90 100,592.448,219,100,90,100
grafo-propio,100,4950.0,TABU_CICLOS 100 90 150,859.326,268,100,90,150
grafo-propio,100,4950.0,TABU_CICLOS 100 90 200,1122.87,235,100,90,200
grafo-propio,100,4950.0,TABU_CICLOS 100 90 250,1389.49,284,100,90,250
grafo-propio,100,4950.0,TABU_CICLOS 100 90 300,1727.05,219,100,90,300
grafo-propio,100,4950.0,TABU_CICLOS 100 90 350,2034.58,223,100,90,350
grafo-propio,100,4950.0,TABU_CICLOS 100 90 400,2296.54,237,100,90,400
grafo-propio,100,4950.0,TABU_CICLOS 100 100 100,648.074,247,100,100,100
grafo-propio,100,4950.0,TABU_CICLOS 100 100 150,932.535,265,100,100,150
grafo-propio,100,4950.0,TABU_CICLOS 100 100 200,1178.58,276,100,100,200
grafo-propio,100,4950.0,TABU_CICLOS 100 100 250,1469.47,218,100,100,250
grafo-propio,100,4950.0,TABU_CICLOS 100 100 300,1802.26,211,100,100,300
grafo-propio,100,4950.0,TABU_CICLOS 100 100 350,2049.13,209,100,100,350
grafo-propio,100,4950.0,TABU_CICLOS 100 100 400,2392.55,236,100,100,400
grafo-propio,100,4950.0,TABU_ESTRUCTURA 10 10 100,81.1889,276,10,10,100
grafo-propio,100,4950.0,TABU_ESTRUCTURA 10 10 150,132.935,276,10,10,150
grafo-propio,100,4950.0,TABU_ESTRUCTURA 10 10 200,178.69,276,10,10,200
grafo-propio,100,4950.0,TABU_ESTRUCTURA 10 10 250,198.926,276,10,10,250
grafo-propio,100,4950.0,TABU_ESTRUCTURA 10 10 300,256.588,262,10,10,300
grafo-propio,100,4950.0,TABU_ESTRUCTURA 10 10 350,291.01,337,10,10,350
grafo-propio,100,4950.0,TABU_ESTRUCTURA 10 10 400,316.19,337,10,10,400
grafo-propio,100,4950.0,TABU_ESTRUCTURA 10 20 100,146.14,315,10,20,100
grafo-propio,100,4950.0,TABU_ESTRUCTURA 10 20 150,223.35,279,10,20,150
grafo-propio,100,4950.0,TABU_ESTRUCTURA 10 20 200,300.934,244,10,20,200
grafo-propio,100,4950.0,TABU_ESTRUCTURA 10 20 250,384.305,244,10,20,250
grafo-propio,100,4950.0,TABU_ESTRUCTURA 10 20 300,445.948,243,10,20,300
grafo-propio,100,4950.0,TABU_ESTRUCTURA 10 20 350,508.05,286,10,20,350
grafo-propio,100,4950.0,TABU_ESTRUCTURA 10 20 400,571.315,278,10,20,400
grafo-propio,100,4950.0,TABU_ESTRUCTURA 10 30 100,211.861,260,10,30,100
grafo-propio,100,4950.0,TABU_ESTRUCTURA 10 30 150,313.785,260,10,30,150
grafo-propio,100,4950.0,TABU_ESTRUCTURA 10 30 200,429.045,260,10,30,200
grafo-propio,100,4950.0,TABU_ESTRUCTURA 10 30 250,596.6,235,10,30,250
grafo-propio,100,4950.0,TABU_ESTRUCTURA 10 30 300,678.151,235,10,30,300
grafo-propio,100,4950.0,TABU_ESTRUCTURA 10 30 350,737.078,233,10,30,350
grafo-propio,100,4950.0,TABU_ESTRUCTURA 10 30 400,830.153,233,10,30,400
grafo-propio,100,4950.0,TABU_ESTRUCTURA 10 40 100,285.516,240,10,40,100
grafo-propio,100,4950.0,TABU_ESTRUCTURA 10 40 150,425.63,240,10,40,150
grafo-propio,100,4950.0,TABU_ESTRUCTURA 10 40 200,598.521,283,10,40,200
grafo-propio,100,4950.0,TABU_ESTRUCTURA 10 40 250,691.663,224,10,40,250
grafo-propio,100,4950.0,TABU_ESTRUCTURA 10 40 300,802.481,253,10,40,300
grafo-propio,100,4950.0,TABU_ESTRUCTURA 10 40 350,926.5,247,10,40,350
grafo-propio,100,4950.0,TABU_ESTRUCTURA 10 40 400,1102.5,236,10,40,400
grafo-propio,100,4950.0,TABU_ESTRUCTURA 10 50 100,347.596,234,10,50,100
grafo-propio,100,4950.0,TABU_ESTRUCTURA 10 50 150,527.381,228,10,50,150
grafo-propio,100,4950.0,TABU_ESTRUCTURA 10 50 200,681.138,249,10,50,200
grafo-propio,100,4950.0,TABU_ESTRUCTURA 10 50 250,823.682,218,10,50,250
grafo-propio,100,4950.0,TABU_ESTRUCTURA 10 50 300,1007.81,237,10,50,300
grafo-propio,100,4950.0,TABU_ESTRUCTURA 10 50 350,1151.83,224,10,50,350
grafo-propio,100,4950.0,TABU_ESTRUCTURA 10 50 400,1283.52,213,10,50,400
grafo-propio,100,4950.0,TABU_ESTRUCTURA 10 60 100,397.72,220,10,60,100
grafo-propio,100,4950.0,TABU_ESTRUCTURA 10 60 150,563.992,214,10,60,150
grafo-propio,100,4950.0,TABU_ESTRUCTURA 10 60 200,738.77,249,10,60,200
grafo-propio,100,4950.0,TABU_ESTRUCTURA 10 60 250,950.293,220,10,60,250
grafo-propio,100,4950.0,TABU_ESTRUCTURA 10 60 300,1133.4,232,10,60,300
grafo-propio,100,4950.0,TABU_ESTRUCTURA 10 60 350,1349.14,229,10,60,350
grafo-propio,100,4950.0,TABU_ESTRUCTURA 10 60 400,1692.13,246,10,60,400
grafo-propio,100,4950.0,TABU_ESTRUCTURA 10 70 100,457.42,212,10,70,100
grafo-propio,100,4950.0,TABU_ESTRUCTURA 10 70 150,698.44,228,10,70,150
grafo-propio,100,4950.0,TABU_ESTRUCTURA 10 70 200,859.816,232,10,70,200
grafo-propio,100,4950.0,TABU_ESTRUCTURA 10 70 250,1116.17,240,10,70,250
grafo-propio,100,4950.0,TABU_ESTRUCTURA 10 70 300,1341.48,224,10,70,300
grafo-propio,100,4950.0,TABU_ESTRUCTURA 10 70 350,1515.84,221,10,70,350
grafo-propio,100,4950.0,TABU_ESTRUCTURA 10 70 400,1736.54,203,10,70,400
grafo-propio,100,4950.0,TABU_ESTRUCTURA 10 80 100,491.079,210,10,80,100
grafo-propio,100,4950.0,TABU_ESTRUCTURA 10 80 150,746.732,185,10,80,150
grafo-propio,100,4950.0,TABU_ESTRUCTURA 10 80 200,963.673,229,10,80,200
grafo-propio,100,4950.0,TABU_ESTRUCTURA 10 80 250,1461.23,223,10,80,250
grafo-propio,100,4950.0,TABU_ESTRUCTURA 10 80 300,1444.26,234,10,80,300
grafo-propio,100,4950.0,TABU_ESTRUCTURA 10 80 350,1861.38,210,10,80,350
grafo-propio,100,4950.0,TABU_ESTRUCTURA 10 80 400,2392.77,223,10,80,400
grafo-propio,100,4950.0,TABU_ESTRUCTURA 10 90 100,569.983,213,10,90,100
grafo-propio,100,4950.0,TABU_ESTRUCTURA 10 90 150,874.881,213,10,90,150
grafo-propio,100,4950.0,TABU_ESTRUCTURA 10 90 200,1098.94,219,10,90,200
grafo-propio,100,4950.0,TABU_ESTRUCTURA 10 90 250,1366.14,203,10,90,250
grafo-propio,100,4950.0,TABU_ESTRUCTURA 10 90 300,1604.18,215,10,90,300
grafo-propio,100,4950.0,TABU_ESTRUCTURA 10 90 350,1908.54,208,10,90,350
grafo-propio,100,4950.0,TABU_ESTRUCTURA 10 90 400,2231.53,216,10,90,400
grafo-propio,100,4950.0,TABU_ESTRUCTURA 10 100 100,614.398,239,10,100,100
grafo-propio,100,4950.0,TABU_ESTRUCTURA 10 100 150,933.198,239,10,100,150
grafo-propio,100,4950.0,TABU_ESTRUCTURA 10 100 200,1246.53,219,10,100,200
grafo-propio,100,4950.0,TABU_ESTRUCTURA 10 100 250,2175.16,196,10,100,250
grafo-propio,100,4950.0,TABU_ESTRUCTURA 10 100 300,2205.74,242,10,100,300
grafo-propio,100,4950.0,TABU_ESTRUCTURA 10 100 350,2094.22,221,10,100,350
grafo-propio,100,4950.0,TABU_ESTRUCTURA 10 100 400,2451.82,240,10,100,400
grafo-propio,100,4950.0,TABU_ESTRUCTURA 20 10 100,121.907,254,20,10,100
grafo-propio,100,4950.0,TABU_ESTRUCTURA 20 10 150,189.967,254,20,10,150
grafo-propio,100,4950.0,TABU_ESTRUCTURA 20 10 200,239.728,276,20,10,200
grafo-propio,100,4950.0,TABU_ESTRUCTURA 20 10 250,316.581,276,20,10,250
grafo-propio,100,4950.0,TABU_ESTRUCTURA 20 10 300,346.19,267,20,10,300
grafo-propio,100,4950.0,TABU_ESTRUCTURA 20 10 350,355.892,286,20,10,350
grafo-propio,100,4950.0,TABU_ESTRUCTURA 20 10 400,445.069,286,20,10,400
grafo-propio,100,4950.0,TABU_ESTRUCTURA 20 20 100,174.083,290,20,20,100
grafo-propio,100,4950.0,TABU_ESTRUCTURA 20 20 150,286.871,282,20,20,150
grafo-propio,100,4950.0,TABU_ESTRUCTURA 20 20 200,422.112,282,20,20,200
grafo-propio,100,4950.0,TABU_ESTRUCTURA 20 20 250,417.995,226,20,20,250
grafo-propio,100,4950.0,TABU_ESTRUCTURA 20 20 300,499.196,249,20,20,300
grafo-propio,100,4950.0,TABU_ESTRUCTURA 20 20 350,575.699,249,20,20,350
grafo-propio,100,4950.0,TABU_ESTRUCTURA 20 20 400,580.894,251,20,20,400
grafo-propio,100,4950.0,TABU_ESTRUCTURA 20 30 100,213.159,260,20,30,100
grafo-propio,100,4950.0,TABU_ESTRUCTURA 20 30 150,343.636,260,20,30,150
grafo-propio,100,4950.0,TABU_ESTRUCTURA 20 30 200,416.705,253,20,30,200
grafo-propio,100,4950.0,TABU_ESTRUCTURA 20 30 250,499.113,241,20,30,250
grafo-propio,100,4950.0,TABU_ESTRUCTURA 20 30 300,626.938,220,20,30,300
grafo-propio,100,4950.0,TABU_ESTRUCTURA 20 30 350,714.551,240,20,30,350
grafo-propio,100,4950.0,TABU_ESTRUCTURA 20 30 400,940.225,234,20,30,400
grafo-propio,100,4950.0,TABU_ESTRUCTURA 20 40 100,282.717,251,20,40,100
grafo-propio,100,4950.0,TABU_ESTRUCTURA 20 40 150,429.179,249,20,40,150
grafo-propio,100,4950.0,TABU_ESTRUCTURA 20 40 200,576.256,243,20,40,200
grafo-propio,100,4950.0,TABU_ESTRUCTURA 20 40 250,704.695,247,20,40,250
grafo-propio,100,4950.0,TABU_ESTRUCTURA 20 40 300,877.273,233,20,40,300
grafo-propio,100,4950.0,TABU_ESTRUCTURA 20 40 350,967.562,212,20,40,350
grafo-propio,100,4950.0,TABU_ESTRUCTURA 20 40 400,1057.69,247,20,40,400
grafo-propio,100,4950.0,TABU_ESTRUCTURA 20 50 100,324.445,209,20,50,100
grafo-propio,100,4950.0,TABU_ESTRUCTURA 20 50 150,477.371,226,20,50,150
grafo-propio,100,4950.0,TABU_ESTRUCTURA 20 50 200,655.221,221,20,50,200
grafo-propio,100,4950.0,TABU_ESTRUCTURA 20 50 250,808.69,257,20,50,250
grafo-propio,100,4950.0,TABU_ESTRUCTURA 20 50 300,988.434,239,20,50,300
grafo-propio,100,4950.0,TABU_ESTRUCTURA 20 50 350,1138.13,213,20,50,350
grafo-propio,100,4950.0,TABU_ESTRUCTURA 20 50 400,1284.41,221,20,50,400
grafo-propio,100,4950.0,TABU_ESTRUCTURA 20 60 100,377.95,245,20,60,100
grafo-propio,100,4950.0,TABU_ESTRUCTURA 20 60 150,584.478,201,20,60,150
grafo-propio,100,4950.0,TABU_ESTRUCTURA 20 60 200,754.485,201,20,60,200
grafo-propio,100,4950.0,TABU_ESTRUCTURA 20 60 250,931.346,219,20,60,250
grafo-propio,100,4950.0,TABU_ESTRUCTURA 20 60 300,1141.72,223,20,60,300
grafo-propio,100,4950.0,TABU_ESTRUCTURA 20 60 350,1469.31,221,20,60,350
grafo-propio,100,4950.0,TABU_ESTRUCTURA 20 60 400,1519.73,236,20,60,400
grafo-propio,100,4950.0,TABU_ESTRUCTURA 20 70 100,437.43,227,20,70,100
grafo-propio,100,4950.0,TABU_ESTRUCTURA 20 70 150,643.096,227,20,70,150
grafo-propio,100,4950.0,TABU_ESTRUCTURA 20 70 200,859.57,231,20,70,200
grafo-propio,100,4950.0,TABU_ESTRUCTURA 20 70 250,1077.78,225,20,70,250
grafo-propio,100,4950.0,TABU_ESTRUCTURA 20 70 300,1316.02,205,20,70,300
grafo-propio,100,4950.0,TABU_ESTRUCTURA 20 70 350,1511.83,247,20,70,350
grafo-propio,100,4950.0,TABU_ESTRUCTURA 20 70 400,2477.74,231,20,70,400
grafo-propio,100,4950.0,TABU_ESTRUCTURA 20 80 100,658.766,225,20,80,100
grafo-propio,100,4950.0,TABU_ESTRUCTURA 20 80 150,789.966,225,20,80,150
grafo-propio,100,4950.0,TABU_ESTRUCTURA 20 80 200,1184.4,240,20,80,200
grafo-propio,100,4950.0,TABU_ESTRUCTURA 20 80 250,1283.49,248,20,80,250
grafo-propio,100,4950.0,TABU_ESTRUCTURA 20 80 300,1620.8,249,20,80,300
grafo-propio,100,4950.0,TABU_ESTRUCTURA 20 80 350,1831.16,213,20,80,350
grafo-propio,100,4950.0,TABU_ESTRUCTURA 20 80 400,2246.84,240,20,80,400
grafo-propio,100,4950.0,TABU_ESTRUCTURA 20 90 100,574.391,230,20,90,100
grafo-propio,100,4950.0,TABU_ESTRUCTURA 20 90 150,863.066,221,20,90,150
grafo-propio,100,4950.0,TABU_ESTRUCTURA 20 90 200,1100.51,248,20,90,200
grafo-propio,100,4950.0,TABU_ESTRUCTURA 20 90 250,1377.26,201,20,90,250
grafo-propio,100,4950.0,TABU_ESTRUCTURA 20 90 300,1751.97,223,20,90,300
grafo-propio,100,4950.0,TABU_ESTRUCTURA 20 90 350,1938.55,220,20,90,350
grafo-propio,100,4950.0,TABU_ESTRUCTURA 20 90 400,2217.98,211,20,90,400
grafo-propio,100,4950.0,TABU_ESTRUCTURA 20 100 100,579.476,196,20,100,100
grafo-propio,100,4950.0,TABU_ESTRUCTURA 20 100 150,897.096,203,20,100,150
grafo-propio,100,4950.0,TABU_ESTRUCTURA 20 100 200,1215.47,206,20,100,200
grafo-propio,100,4950.0,TABU_ESTRUCTURA 20 100 250,1454.72,216,20,100,250
grafo-propio,100,4950.0,TABU_ESTRUCTURA 20 100 300,1809.24,191,20,100,300
grafo-propio,100,4950.0,TABU_ESTRUCTURA 20 100 350,2097.58,235,20,100,350
grafo-propio,100,4950.0,TABU_ESTRUCTURA 20 100 400,2380.42,211,20,100,400
grafo-propio,100,4950.0,TABU_ESTRUCTURA 30 10 100,94.715,264,30,10,100
grafo-propio,100,4950.0,TABU_ESTRUCTURA 30 10 150,131.707,264,30,10,150
grafo-propio,100,4950.0,TABU_ESTRUCTURA 30 10 200,170.408,264,30,10,200
grafo-propio,100,4950.0,TABU_ESTRUCTURA 30 10 250,187.43,264,30,10,250
grafo-propio,100,4950.0,TABU_ESTRUCTURA 30 10 300,233.995,264,30,10,300
grafo-propio,100,4950.0,TABU_ESTRUCTURA 30 10 350,274.566,264,30,10,350
grafo-propio,100,4950.0,TABU_ESTRUCTURA 30 10 400,306.887,269,30,10,400
grafo-propio,100,4950.0,TABU_ESTRUCTURA 30 20 100,141.313,270,30,20,100
grafo-propio,100,4950.0,TABU_ESTRUCTURA 30 20 150,230.943,270,30,20,150
grafo-propio,100,4950.0,TABU_ESTRUCTURA 30 20 200,345.922,238,30,20,200
grafo-propio,100,4950.0,TABU_ESTRUCTURA 30 20 250,381.055,272,30,20,250
grafo-propio,100,4950.0,TABU_ESTRUCTURA 30 20 300,448.426,272,30,20,300
grafo-propio,100,4950.0,TABU_ESTRUCTURA 30 20 350,540.161,255,30,20,350
grafo-propio,100,4950.0,TABU_ESTRUCTURA 30 20 400,601.175,255,30,20,400
grafo-propio,100,4950.0,TABU_ESTRUCTURA 30 30 100,246.401,270,30,30,100
grafo-propio,100,4950.0,TABU_ESTRUCTURA 30 30 150,364.853,270,30,30,150
grafo-propio,100,4950.0,TABU_ESTRUCTURA 30 30 200,419.846,255,30,30,200
grafo-propio,100,4950.0,TABU_ESTRUCTURA 30 30 250,524.336,234,30,30,250
grafo-propio,100,4950.0,TABU_ESTRUCTURA 30 30 300,626.901,230,30,30,300
grafo-propio,100,4950.0,TABU_ESTRUCTURA 30 30 350,729.986,226,30,30,350
grafo-propio,100,4950.0,TABU_ESTRUCTURA 30 30 400,893.416,244,30,30,400
grafo-propio,100,4950.0,TABU_ESTRUCTURA 30 40 100,303.35,239,30,40,100
grafo-propio,100,4950.0,TABU_ESTRUCTURA 30 40 150,711.221,232,30,40,150
grafo-propio,100,4950.0,TABU_ESTRUCTURA 30 40 200,947.915,226,30,40,200
grafo-propio,100,4950.0,TABU_ESTRUCTURA 30 40 250,818.645,263,30,40,250
grafo-propio,100,4950.0,TABU_ESTRUCTURA 30 40 300,1151.35,222,30,40,300
grafo-propio,100,4950.0,TABU_ESTRUCTURA 30 40 350,1224.73,228,30,40,350
grafo-propio,100,4950.0,TABU_ESTRUCTURA 30 40 400,1373.1,245,30,40,400
grafo-propio,100,4950.0,TABU_ESTRUCTURA 30 50 100,336.963,227,30,50,100
grafo-propio,100,4950.0,TABU_ESTRUCTURA 30 50 150,484.264,250,30,50,150
grafo-propio,100,4950.0,TABU_ESTRUCTURA 30 50 200,645.484,214,30,50,200
grafo-propio,100,4950.0,TABU_ESTRUCTURA 30 50 250,814.515,237,30,50,250
grafo-propio,100,4950.0,TABU_ESTRUCTURA 30 50 300,974.054,220,30,50,300
grafo-propio,100,4950.0,TABU_ESTRUCTURA 30 50 350,1284.46,248,30,50,350
grafo-propio,100,4950.0,TABU_ESTRUCTURA 30 50 400,1324.23,218,30,50,400
grafo-propio,100,4950.0,TABU_ESTRUCTURA 30 60 100,394.891,240,30,60,100
grafo-propio,100,4950.0,TABU_ESTRUCTURA 30 60 150,589.846,226,30,60,150
grafo-propio,100,4950.0,TABU_ESTRUCTURA 30 60 200,784.632,210,30,60,200
grafo-propio,100,4950.0,TABU_ESTRUCTURA 30 60 250,1018.56,213,30,60,250
grafo-propio,100,4950.0,TABU_ESTRUCTURA 30 60 300,1257.55,234,30,60,300
grafo-propio,100,4950.0,TABU_ESTRUCTURA 30 60 350,1375.89,220,30,60,350
grafo-propio,100,4950.0,TABU_ESTRUCTURA 30 60 400,1718.02,222,30,60,400
grafo-propio,100,4950.0,TABU_ESTRUCTURA 30 70 100,513.8,235,30,70,100
grafo-propio,100,4950.0,TABU_ESTRUCTURA 30 70 150,740.696,222,30,70,150
grafo-propio,100,4950.0,TABU_ESTRUCTURA 30 70 200,939.621,238,30,70,200
grafo-propio,100,4950.0,TABU_ESTRUCTURA 30 70 250,1089.58,254,30,70,250
grafo-propio,100,4950.0,TABU_ESTRUCTURA 30 70 300,1329.68,217,30,70,300
grafo-propio,100,4950.0,TABU_ESTRUCTURA 30 70 350,1595.42,213,30,70,350
grafo-propio,100,4950.0,TABU_ESTRUCTURA 30 70 400,1758.76,196,30,70,400
grafo-propio,100,4950.0,TABU_ESTRUCTURA 30 80 100,497.843,229,30,80,100
grafo-propio,100,4950.0,TABU_ESTRUCTURA 30 80 150,718.383,229,30,80,150
grafo-propio,100,4950.0,TABU_ESTRUCTURA 30 80 200,961.831,199,30,80,200
grafo-propio,100,4950.0,TABU_ESTRUCTURA 30 80 250,1250.84,240,30,80,250
grafo-propio,100,4950.0,TABU_ESTRUCTURA 30 80 300,1446.37,217,30,80,300
grafo-propio,100,4950.0,TABU_ESTRUCTURA 30 80 350,1822.05,204,30,80,350
grafo-propio,100,4950.0,TABU_ESTRUCTURA 30 80 400,1949.87,223,30,80,400
grafo-propio,100,4950.0,TABU_ESTRUCTURA 30 90 100,535.131,226,30,90,100
grafo-propio,100,4950.0,TABU_ESTRUCTURA 30 90 150,799.807,209,30,90,150
grafo-propio,100,4950.0,TABU_ESTRUCTURA 30 90 200,1090.1,236,30,90,200
grafo-propio,100,4950.0,TABU_ESTRUCTURA 30 90 250,1321.01,235,30,90,250
grafo-propio,100,4950.0,TABU_ESTRUCTURA 30 90 300,1635.1,241,30,90,300
grafo-propio,100,4950.0,TABU_ESTRUCTURA 30 90 350,1863.95,207,30,90,350
grafo-propio,100,4950.0,TABU_ESTRUCTURA 30 90 400,2155.01,231,30,90,400
grafo-propio,100,4950.0,TABU_ESTRUCTURA 30 100 100,599.026,225,30,100,100
grafo-propio,100,4950.0,TABU_ESTRUCTURA 30 100 150,882.14,230,30,100,150
grafo-propio,100,4950.0,TABU_ESTRUCTURA 30 100 200,1241.6,194,30,100,200
grafo-propio,100,4950.0,TABU_ESTRUCTURA 30 100 250,1483.02,224,30,100,250
grafo-propio,100,4950.0,TABU_ESTRUCTURA 30 100 300,1843.83,207,30,100,300
grafo-propio,100,4950.0,TABU_ESTRUCTURA 30 100 350,2073.84,202,30,100,350
grafo-propio,100,4950.0,TABU_ESTRUCTURA 30 100 400,2289.72,207,30,100,400
grafo-propio,100,4950.0,TABU_ESTRUCTURA 40 10 100,88.008,306,40,10,100
grafo-propio,100,4950.0,TABU_ESTRUCTURA 40 10 150,116.338,279,40,10,150
grafo-propio,100,4950.0,TABU_ESTRUCTURA 40 10 200,155.957,284,40,10,200
grafo-propio,100,4950.0,TABU_ESTRUCTURA 40 10 250,200.661,284,40,10,250
grafo-propio,100,4950.0,TABU_ESTRUCTURA 40 10 300,246.605,284,40,10,300
grafo-propio,100,4950.0,TABU_ESTRUCTURA 40 10 350,284.509,284,40,10,350
grafo-propio,100,4950.0,TABU_ESTRUCTURA 40 10 400,327.157,286,40,10,400
grafo-propio,100,4950.0,TABU_ESTRUCTURA 40 20 100,156.96,236,40,20,100
grafo-propio,100,4950.0,TABU_ESTRUCTURA 40 20 150,215.631,236,40,20,150
grafo-propio,100,4950.0,TABU_ESTRUCTURA 40 20 200,293.863,233,40,20,200
grafo-propio,100,4950.0,TABU_ESTRUCTURA 40 20 250,359.934,279,40,20,250
grafo-propio,100,4950.0,TABU_ESTRUCTURA 40 20 300,438.743,279,40,20,300
grafo-propio,100,4950.0,TABU_ESTRUCTURA 40 20 350,522.45,272,40,20,350
grafo-propio,100,4950.0,TABU_ESTRUCTURA 40 20 400,598.16,242,40,20,400
grafo-propio,100,4950.0,TABU_ESTRUCTURA 40 30 100,210.611,249,40,30,100
grafo-propio,100,4950.0,TABU_ESTRUCTURA 40 30 150,320.582,229,40,30,150
grafo-propio,100,4950.0,TABU_ESTRUCTURA 40 30 200,439.293,229,40,30,200
grafo-propio,100,4950.0,TABU_ESTRUCTURA 40 30 250,541.833,247,40,30,250
grafo-propio,100,4950.0,TABU_ESTRUCTURA 40 30 300,619.389,236,40,30,300
grafo-propio,100,4950.0,TABU_ESTRUCTURA 40 30 350,722.895,218,40,30,350
grafo-propio,100,4950.0,TABU_ESTRUCTURA 40 30 400,881.26,262,40,30,400
grafo-propio,100,4950.0,TABU_ESTRUCTURA 40 40 100,276.84,263,40,40,100
grafo-propio,100,4950.0,TABU_ESTRUCTURA 40 40 150,403.843,231,40,40,150
grafo-propio,100,4950.0,TABU_ESTRUCTURA 40 40 200,533.26,224,40,40,200
grafo-propio,100,4950.0,TABU_ESTRUCTURA 40 40 250,693.872,228,40,40,250
grafo-propio,100,4950.0,TABU_ESTRUCTURA 40 40 300,797.551,214,40,40,300
grafo-propio,100,4950.0,TABU_ESTRUCTURA 40 40 350,922.276,247,40,40,350
grafo-propio,100,4950.0,TABU_ESTRUCTURA 40 40 400,1054.11,227,40,40,400
grafo-propio,100,4950.0,TABU_ESTRUCTURA 40 50 100,327.464,238,40,50,100
grafo-propio,100,4950.0,TABU_ESTRUCTURA 40 50 150,487.827,226,40,50,150
grafo-propio,100,4950.0,TABU_ESTRUCTURA 40 50 200,663.179,244,40,50,200
grafo-propio,100,4950.0,TABU_ESTRUCTURA 40 50 250,910.828,254,40,50,250
grafo-propio,100,4950.0,TABU_ESTRUCTURA 40 50 300,995.984,230,40,50,300
grafo-propio,100,4950.0,TABU_ESTRUCTURA 40 50 350,1161.48,234,40,50,350
grafo-propio,100,4950.0,TABU_ESTRUCTURA 40 50 400,1319.83,258,40,50,400
grafo-propio,100,4950.0,TABU_ESTRUCTURA 40 60 100,392.338,236,40,60,100
grafo-propio,100,4950.0,TABU_ESTRUCTURA 40 60 150,594.656,227,40,60,150
grafo-propio,100,4950.0,TABU_ESTRUCTURA 40 60 200,766.198,220,40,60,200
grafo-propio,100,4950.0,TABU_ESTRUCTURA 40 60 250,962.637,232,40,60,250
grafo-propio,100,4950.0,TABU_ESTRUCTURA 40 60 300,1229.05,224,40,60,300
grafo-propio,100,4950.0,TABU_ESTRUCTURA 40 60 350,1365.82,247,40,60,350
grafo-propio,100,4950.0,TABU_ESTRUCTURA 40 60 400,1586.85,221,40,60,400
grafo-propio,100,4950.0,TABU_ESTRUCTURA 40 70 100,441.528,231,40,70,100
grafo-propio,100,4950.0,TABU_ESTRUCTURA 40 70 150,677.048,224,40,70,150
grafo-propio,100,4950.0,TABU_ESTRUCTURA 40 70 200,870.181,234,40,70,200
grafo-propio,100,4950.0,TABU_ESTRUCTURA 40 70 250,1102.29,216,40,70,250
grafo-propio,100,4950.0,TABU_ESTRUCTURA 40 70 300,1278.2,226,40,70,300
grafo-propio,100,4950.0,TABU_ESTRUCTURA 40 70 350,1563.18,221,40,70,350
grafo-propio,100,4950.0,TABU_ESTRUCTURA 40 70 400,1878.7,245,40,70,400
grafo-propio,100,4950.0,TABU_ESTRUCTURA 40 80 100,506.597,215,40,80,100
grafo-propio,100,4950.0,TABU_ESTRUCTURA 40 80 150,814.982,227,40,80,150
grafo-propio,100,4950.0,TABU_ESTRUCTURA 40 80 200,969.709,240,40,80,200
grafo-propio,100,4950.0,TABU_ESTRUCTURA 40 80 250,1237.49,191,40,80,250
grafo-propio,100,4950.0,TABU_ESTRUCTURA 40 80 300,1453.96,207,40,80,300
grafo-propio,100,4950.0,TABU_ESTRUCTURA 40 80 350,1715.1,223,40,80,350
grafo-propio,100,4950.0,TABU_ESTRUCTURA 40 80 400,1943.7,235,40,80,400
grafo-propio,100,4950.0,TABU_ESTRUCTURA 40 90 100,532.774,225,40,90,100
grafo-propio,100,4950.0,TABU_ESTRUCTURA 40 90 150,788.838,225,40,90,150
grafo-propio,100,4950.0,TABU_ESTRUCTURA 40 90 200,1088.22,203,40,90,200
grafo-propio,100,4950.0,TABU_ESTRUCTURA 40 90 250,1336.62,216,40,90,250
grafo-propio,100,4950.0,TABU_ESTRUCTURA 40 90 300,1620.51,218,40,90,300
grafo-propio,100,4950.0,TABU_ESTRUCTURA 40 90 350,1882.14,203,40,90,350
grafo-propio,100,4950.0,TABU_ESTRUCTURA 40 90 400,2125.74,237,40,90,400
grafo-propio,100,4950.0,TABU_ESTRUCTURA 40 100 100,571.031,199,40,100,100
grafo-propio,100,4950.0,TABU_ESTRUCTURA 40 100 150,872.028,227,40,100,150
grafo-propio,100,4950.0,TABU_ESTRUCTURA 40 100 200,1205.92,214,40,100,200
grafo-propio,100,4950.0,TABU_ESTRUCTURA 40 100 250,1460.5,255,40,100,250
grafo-propio,100,4950.0,TABU_ESTRUCTURA 40 100 300,1737.23,205,40,100,300
grafo-propio,100,4950.0,TABU_ESTRUCTURA 40 100 350,1984.6,203,40,100,350
grafo-propio,100,4950.0,TABU_ESTRUCTURA 40 100 400,2314.89,216,40,100,400
grafo-propio,100,4950.0,TABU_ESTRUCTURA 50 10 100,80.5774,246,50,10,100
grafo-propio,100,4950.0,TABU_ESTRUCTURA 50 10 150,134.614,246,50,10,150
grafo-propio,100,4950.0,TABU_ESTRUCTURA 50 10 200,159.467,315,50,10,200
grafo-propio,100,4950.0,TABU_ESTRUCTURA 50 10 250,192.876,315,50,10,250
grafo-propio,100,4950.0,TABU_ESTRUCTURA 50 10 300,227.205,315,50,10,300
grafo-propio,100,4950.0,TABU_ESTRUCTURA 50 10 350,284.952,315,50,10,350
grafo-propio,100,4950.0,TABU_ESTRUCTURA 50 10 400,320.11,280,50,10,400
grafo-propio,100,4950.0,TABU_ESTRUCTURA 50 20 100,156.168,284,50,20,100
grafo-propio,100,4950.0,TABU_ESTRUCTURA 50 20 150,221.264,284,50,20,150
grafo-propio,100,4950.0,TABU_ESTRUCTURA 50 20 200,295.577,284,50,20,200
grafo-propio,100,4950.0,TABU_ESTRUCTURA 50 20 250,362.331,280,50,20,250
grafo-propio,100,4950.0,TABU_ESTRUCTURA 50 20 300,466.211,280,50,20,300
grafo-propio,100,4950.0,TABU_ESTRUCTURA 50 20 350,543.911,247,50,20,350
grafo-propio,100,4950.0,TABU_ESTRUCTURA 50 20 400,573.668,250,50,20,400
grafo-propio,100,4950.0,TABU_ESTRUCTURA 50 30 100,214.705,275,50,30,100
grafo-propio,100,4950.0,TABU_ESTRUCTURA 50 30 150,316.857,275,50,30,150
grafo-propio,100,4950.0,TABU_ESTRUCTURA 50 30 200,425.452,275,50,30,200
grafo-propio,100,4950.0,TABU_ESTRUCTURA 50 30 250,543.313,253,50,30,250
grafo-propio,100,4950.0,TABU_ESTRUCTURA 50 30 300,628.129,253,50,30,300
grafo-propio,100,4950.0,TABU_ESTRUCTURA 50 30 350,763.061,280,50,30,350
grafo-propio,100,4950.0,TABU_ESTRUCTURA 50 30 400,844.672,293,50,30,400
grafo-propio,100,4950.0,TABU_ESTRUCTURA 50 40 100,292.54,218,50,40,100
grafo-propio,100,4950.0,TABU_ESTRUCTURA 50 40 150,453.54,233,50,40,150
grafo-propio,100,4950.0,TABU_ESTRUCTURA 50 40 200,606.533,233,50,40,200
grafo-propio,100,4950.0,TABU_ESTRUCTURA 50 40 250,716.674,245,50,40,250
grafo-propio,100,4950.0,TABU_ESTRUCTURA 50 40 300,820.544,257,50,40,300
grafo-propio,100,4950.0,TABU_ESTRUCTURA 50 40 350,949.754,203,50,40,350
grafo-propio,100,4950.0,TABU_ESTRUCTURA 50 40 400,1158.25,263,50,40,400
grafo-propio,100,4950.0,TABU_ESTRUCTURA 50 50 100,322.191,232,50,50,100
grafo-propio,100,4950.0,TABU_ESTRUCTURA 50 50 150,486.38,207,50,50,150
grafo-propio,100,4950.0,TABU_ESTRUCTURA 50 50 200,653.234,198,50,50,200
grafo-propio,100,4950.0,TABU_ESTRUCTURA 50 50 250,817.104,238,50,50,250
grafo-propio,100,4950.0,TABU_ESTRUCTURA 50 50 300,974.884,214,50,50,300
grafo-propio,100,4950.0,TABU_ESTRUCTURA 50 50 350,1144.02,212,50,50,350
grafo-propio,100,4950.0,TABU_ESTRUCTURA 50 50 400,1286.51,226,50,50,400
grafo-propio,100,4950.0,TABU_ESTRUCTURA 50 60 100,378.608,235,50,60,100
grafo-propio,100,4950.0,TABU_ESTRUCTURA 50 60 150,564.803,211,50,60,150
grafo-propio,100,4950.0,TABU_ESTRUCTURA 50 60 200,777.149,211,50,60,200
grafo-propio,100,4950.0,TABU_ESTRUCTURA 50 60 250,975.984,234,50,60,250
grafo-propio,100,4950.0,TABU_ESTRUCTURA 50 60 300,1149.78,237,50,60,300
grafo-propio,100,4950.0,TABU_ESTRUCTURA 50 60 350,1364.72,219,50,60,350
grafo-propio,100,4950.0,TABU_ESTRUCTURA 50 60 400,1522.31,218,50,60,400
grafo-propio,100,4950.0,TABU_ESTRUCTURA 50 70 100,431.716,231,50,70,100
grafo-propio,100,4950.0,TABU_ESTRUCTURA 50 70 150,656.629,231,50,70,150
grafo-propio,100,4950.0,TABU_ESTRUCTURA 50 70 200,889.617,213,50,70,200
grafo-propio,100,4950.0,TABU_ESTRUCTURA 50 70 250,1081.64,223,50,70,250
grafo-propio,100,4950.0,TABU_ESTRUCTURA 50 70 300,1292.01,232,50,70,300
grafo-propio,100,4950.0,TABU_ESTRUCTURA 50 70 350,1564.44,225,50,70,350
grafo-propio,100,4950.0,TABU_ESTRUCTURA 50 70 400,1863.53,233,50,70,400
grafo-propio,100,4950.0,TABU_ESTRUCTURA 50 80 100,496.241,221,50,80,100
grafo-propio,100,4950.0,TABU_ESTRUCTURA 50 80 150,739.375,221,50,80,150
grafo-propio,100,4950.0,TABU_ESTRUCTURA 50 80 200,1013.69,223,50,80,200
grafo-propio,100,4950.0,TABU_ESTRUCTURA 50 80 250,1201.34,252,50,80,250
grafo-propio,100,4950.0,TABU_ESTRUCTURA 50 80 300,1492.0,212,50,80,300
grafo-propio,100,4950.0,TABU_ESTRUCTURA 50 80 350,1729.18,255,50,80,350
grafo-propio,100,4950.0,TABU_ESTRUCTURA 50 80 400,1947.68,228,50,80,400
grafo-propio,100,4950.0,TABU_ESTRUCTURA 50 90 100,544.509,225,50,90,100
grafo-propio,100,4950.0,TABU_ESTRUCTURA 50 90 150,803.485,225,50,90,150
grafo-propio,100,4950.0,TABU_ESTRUCTURA 50 90 200,1140.34,230,50,90,200
grafo-propio,100,4950.0,TABU_ESTRUCTURA 50 90 250,1346.24,241,50,90,250
grafo-propio,100,4950.0,TABU_ESTRUCTURA 50 90 300,1654.99,191,50,90,300
grafo-propio,100,4950.0,TABU_ESTRUCTURA 50 90 350,1875.86,224,50,90,350
grafo-propio,100,4950.0,TABU_ESTRUCTURA 50 90 400,2338.44,203,50,90,400
grafo-propio,100,4950.0,TABU_ESTRUCTURA 50 100 100,676.039,230,50,100,100
grafo-propio,100,4950.0,TABU_ESTRUCTURA 50 100 150,885.688,235,50,100,150
grafo-propio,100,4950.0,TABU_ESTRUCTURA 50 100 200,1153.75,216,50,100,200
grafo-propio,100,4950.0,TABU_ESTRUCTURA 50 100 250,1439.72,231,50,100,250
grafo-propio,100,4950.0,TABU_ESTRUCTURA 50 100 300,1751.81,211,50,100,300
grafo-propio,100,4950.0,TABU_ESTRUCTURA 50 100 350,1998.01,233,50,100,350
grafo-propio,100,4950.0,TABU_ESTRUCTURA 50 100 400,2290.59,226,50,100,400
grafo-propio,100,4950.0,TABU_ESTRUCTURA 60 10 100,81.2632,272,60,10,100
grafo-propio,100,4950.0,TABU_ESTRUCTURA 60 10 150,120.956,272,60,10,150
grafo-propio,100,4950.0,TABU_ESTRUCTURA 60 10 200,162.136,272,60,10,200
grafo-propio,100,4950.0,TABU_ESTRUCTURA 60 10 250,197.817,272,60,10,250
grafo-propio,100,4950.0,TABU_ESTRUCTURA 60 10 300,245.32,272,60,10,300
grafo-propio,100,4950.0,TABU_ESTRUCTURA 60 10 350,277.549,260,60,10,350
grafo-propio,100,4950.0,TABU_ESTRUCTURA 60 10 400,311.326,291,60,10,400
grafo-propio,100,4950.0,TABU_ESTRUCTURA 60 20 100,149.812,231,60,20,100
grafo-propio,100,4950.0,TABU_ESTRUCTURA 60 20 150,231.187,231,60,20,150
grafo-propio,100,4950.0,TABU_ESTRUCTURA 60 20 200,289.712,235,60,20,200
grafo-propio,100,4950.0,TABU_ESTRUCTURA 60 20 250,386.94,285,60,20,250
grafo-propio,100,4950.0,TABU_ESTRUCTURA 60 20 300,459.451,273,60,20,300
grafo-propio,100,4950.0,TABU_ESTRUCTURA 60 20 350,507.268,289,60,20,350
grafo-propio,100,4950.0,TABU_ESTRUCTURA 60 20 400,577.772,263,60,20,400
grafo-propio,100,4950.0,TABU_ESTRUCTURA 60 30 100,218.319,242,60,30,100
grafo-propio,100,4950.0,TABU_ESTRUCTURA 60 30 150,334.267,242,60,30,150
grafo-propio,100,4950.0,TABU_ESTRUCTURA 60 30 200,411.565,242,60,30,200
grafo-propio,100,4950.0,TABU_ESTRUCTURA 60 30 250,541.537,252,60,30,250
grafo-propio,100,4950.0,TABU_ESTRUCTURA 60 30 300,642.1,244,60,30,300
grafo-propio,100,4950.0,TABU_ESTRUCTURA 60 30 350,758.053,228,60,30,350
grafo-propio,100,4950.0,TABU_ESTRUCTURA 60 30 400,876.171,223,60,30,400
grafo-propio,100,4950.0,TABU_ESTRUCTURA 60 40 100,296.213,239,60,40,100
grafo-propio,100,4950.0,TABU_ESTRUCTURA 60 40 150,437.357,239,60,40,150
grafo-propio,100,4950.0,TABU_ESTRUCTURA 60 40 200,528.313,238,60,40,200
grafo-propio,100,4950.0,TABU_ESTRUCTURA 60 40 250,695.974,229,60,40,250
grafo-propio,100,4950.0,TABU_ESTRUCTURA 60 40 300,936.52,249,60,40,300
grafo-propio,100,4950.0,TABU_ESTRUCTURA 60 40 350,964.647,247,60,40,350
grafo-propio,100,4950.0,TABU_ESTRUCTURA 60 40 400,1063.64,254,60,40,400
grafo-propio,100,4950.0,TABU_ESTRUCTURA 60 50 100,331.695,222,60,50,100
grafo-propio,100,4950.0,TABU_ESTRUCTURA 60 50 150,492.34,222,60,50,150
grafo-propio,100,4950.0,TABU_ESTRUCTURA 60 50 200,663.568,235,60,50,200
grafo-propio,100,4950.0,TABU_ESTRUCTURA 60 50 250,829.197,258,60,50,250
grafo-propio,100,4950.0,TABU_ESTRUCTURA 60 50 300,967.611,253,60,50,300
grafo-propio,100,4950.0,TABU_ESTRUCTURA 60 50 350,1144.83,227,60,50,350
grafo-propio,100,4950.0,TABU_ESTRUCTURA 60 50 400,1412.74,231,60,50,400
grafo-propio,100,4950.0,TABU_ESTRUCTURA 60 60 100,463.187,237,60,60,100
grafo-propio,100,4950.0,TABU_ESTRUCTURA 60 60 150,760.686,232,60,60,150
grafo-propio,100,4950.0,TABU_ESTRUCTURA 60 60 200,953.331,228,60,60,200
grafo-propio,100,4950.0,TABU_ESTRUCTURA 60 60 250,1181.96,198,60,60,250
grafo-propio,100,4950.0,TABU_ESTRUCTURA 60 60 300,1205.92,225,60,60,300
grafo-propio,100,4950.0,TABU_ESTRUCTURA 60 60 350,1375.15,203,60,60,350
grafo-propio,100,4950.0,TABU_ESTRUCTURA 60 60 400,1561.91,228,60,60,400
grafo-propio,100,4950.0,TABU_ESTRUCTURA 60 70 100,455.855,225,60,70,100
grafo-propio,100,4950.0,TABU_ESTRUCTURA 60 70 150,645.669,222,60,70,150
grafo-propio,100,4950.0,TABU_ESTRUCTURA 60 70 200,860.73,215,60,70,200
grafo-propio,100,4950.0,TABU_ESTRUCTURA 60 70 250,1064.12,205,60,70,250
grafo-propio,100,4950.0,TABU_ESTRUCTURA 60 70 300,1361.18,217,60,70,300
grafo-propio,100,4950.0,TABU_ESTRUCTURA 60 70 350,1571.59,218,60,70,350
grafo-propio,100,4950.0,TABU_ESTRUCTURA 60 70 400,1759.4,282,60,70,400
grafo-propio,100,4950.0,TABU_ESTRUCTURA 60 80 100,507.068,236,60,80,100
grafo-propio,100,4950.0,TABU_ESTRUCTURA 60 80 150,763.739,228,60,80,150
grafo-propio,100,4950.0,TABU_ESTRUCTURA 60 80 200,996.685,236,60,80,200
grafo-propio,100,4950.0,TABU_ESTRUCTURA 60 80 250,1230.42,213,60,80,250
grafo-propio,100,4950.0,TABU_ESTRUCTURA 60 80 300,1459.26,212,60,80,300
grafo-propio,100,4950.0,TABU_ESTRUCTURA 60 80 350,1813.15,235,60,80,350
grafo-propio,100,4950.0,TABU_ESTRUCTURA 60 80 400,1931.97,210,60,80,400
grafo-propio,100,4950.0,TABU_ESTRUCTURA 60 90 100,536.615,230,60,90,100
grafo-propio,100,4950.0,TABU_ESTRUCTURA 60 90 150,869.669,230,60,90,150
grafo-propio,100,4950.0,TABU_ESTRUCTURA 60 90 200,1062.63,220,60,90,200
grafo-propio,100,4950.0,TABU_ESTRUCTURA 60 90 250,1331.98,210,60,90,250
grafo-propio,100,4950.0,TABU_ESTRUCTURA 60 90 300,1579.7,205,60,90,300
grafo-propio,100,4950.0,TABU_ESTRUCTURA 60 90 350,1933.19,209,60,90,350
grafo-propio,100,4950.0,TABU_ESTRUCTURA 60 90 400,2346.6,206,60,90,400
grafo-propio,100,4950.0,TABU_ESTRUCTURA 60 100 100,584.001,216,60,100,100
grafo-propio,100,4950.0,TABU_ESTRUCTURA 60 100 150,996.481,216,60,100,150
grafo-propio,100,4950.0,TABU_ESTRUCTURA 60 100 200,1222.03,216,60,100,200
grafo-propio,100,4950.0,TABU_ESTRUCTURA 60 100 250,1494.39,216,60,100,250
grafo-propio,100,4950.0,TABU_ESTRUCTURA 60 100 300,1829.38,225,60,100,300
grafo-propio,100,4950.0,TABU_ESTRUCTURA 60 100 350,2048.25,227,60,100,350
grafo-propio,100,4950.0,TABU_ESTRUCTURA 60 100 400,2308.66,202,60,100,400
grafo-propio,100,4950.0,TABU_ESTRUCTURA 70 10 100,79.2931,313,70,10,100
grafo-propio,100,4950.0,TABU_ESTRUCTURA 70 10 150,119.678,313,70,10,150
grafo-propio,100,4950.0,TABU_ESTRUCTURA 70 10 200,158.335,313,70,10,200
grafo-propio,100,4950.0,TABU_ESTRUCTURA 70 10 250,201.836,274,70,10,250
grafo-propio,100,4950.0,TABU_ESTRUCTURA 70 10 300,234.094,301,70,10,300
grafo-propio,100,4950.0,TABU_ESTRUCTURA 70 10 350,267.932,301,70,10,350
grafo-propio,100,4950.0,TABU_ESTRUCTURA 70 10 400,317.117,301,70,10,400
grafo-propio,100,4950.0,TABU_ESTRUCTURA 70 20 100,157.054,248,70,20,100
grafo-propio,100,4950.0,TABU_ESTRUCTURA 70 20 150,241.04,248,70,20,150
grafo-propio,100,4950.0,TABU_ESTRUCTURA 70 20 200,319.758,248,70,20,200
grafo-propio,100,4950.0,TABU_ESTRUCTURA 70 20 250,405.826,229,70,20,250
grafo-propio,100,4950.0,TABU_ESTRUCTURA 70 20 300,442.956,267,70,20,300
grafo-propio,100,4950.0,TABU_ESTRUCTURA 70 20 350,506.575,267,70,20,350
grafo-propio,100,4950.0,TABU_ESTRUCTURA 70 20 400,600.44,278,70,20,400
grafo-propio,100,4950.0,TABU_ESTRUCTURA 70 30 100,218.21,269,70,30,100
grafo-propio,100,4950.0,TABU_ESTRUCTURA 70 30 150,311.816,241,70,30,150
grafo-propio,100,4950.0,TABU_ESTRUCTURA 70 30 200,529.133,241,70,30,200
grafo-propio,100,4950.0,TABU_ESTRUCTURA 70 30 250,601.941,241,70,30,250
grafo-propio,100,4950.0,TABU_ESTRUCTURA 70 30 300,972.679,247,70,30,300
grafo-propio,100,4950.0,TABU_ESTRUCTURA 70 30 350,1060.89,229,70,30,350
grafo-propio,100,4950.0,TABU_ESTRUCTURA 70 30 400,1125.73,238,70,30,400
grafo-propio,100,4950.0,TABU_ESTRUCTURA 70 40 100,396.779,225,70,40,100
grafo-propio,100,4950.0,TABU_ESTRUCTURA 70 40 150,458.02,257,70,40,150
grafo-propio,100,4950.0,TABU_ESTRUCTURA 70 40 200,544.682,240,70,40,200
grafo-propio,100,4950.0,TABU_ESTRUCTURA 70 40 250,689.714,217,70,40,250
grafo-propio,100,4950.0,TABU_ESTRUCTURA 70 40 300,820.665,217,70,40,300
grafo-propio,100,4950.0,TABU_ESTRUCTURA 70 40 350,938.807,250,70,40,350
grafo-propio,100,4950.0,TABU_ESTRUCTURA 70 40 400,1075.81,249,70,40,400
grafo-propio,100,4950.0,TABU_ESTRUCTURA 70 50 100,359.71,227,70,50,100
grafo-propio,100,4950.0,TABU_ESTRUCTURA 70 50 150,508.511,240,70,50,150
grafo-propio,100,4950.0,TABU_ESTRUCTURA 70 50 200,662.716,229,70,50,200
grafo-propio,100,4950.0,TABU_ESTRUCTURA 70 50 250,819.678,216,70,50,250
grafo-propio,100,4950.0,TABU_ESTRUCTURA 70 50 300,1123.23,226,70,50,300
grafo-propio,100,4950.0,TABU_ESTRUCTURA 70 50 350,1253.5,263,70,50,350
grafo-propio,100,4950.0,TABU_ESTRUCTURA 70 50 400,1307.34,205,70,50,400
grafo-propio,100,4950.0,TABU_ESTRUCTURA 70 60 100,380.216,227,70,60,100
grafo-propio,100,4950.0,TABU_ESTRUCTURA 70 60 150,564.927,225,70,60,150
grafo-propio,100,4950.0,TABU_ESTRUCTURA 70 60 200,811.269,234,70,60,200
grafo-propio,100,4950.0,TABU_ESTRUCTURA 70 60 250,947.289,250,70,60,250
grafo-propio,100,4950.0,TABU_ESTRUCTURA 70 60 300,1155.02,247,70,60,300
grafo-propio,100,4950.0,TABU_ESTRUCTURA 70 60 350,1397.85,225,70,60,350
grafo-propio,100,4950.0,TABU_ESTRUCTURA 70 60 400,1608.92,224,70,60,400
grafo-propio,100,4950.0,TABU_ESTRUCTURA 70 70 100,476.248,214,70,70,100
grafo-propio,100,4950.0,TABU_ESTRUCTURA 70 70 150,662.753,235,70,70,150
grafo-propio,100,4950.0,TABU_ESTRUCTURA 70 70 200,1049.4,216,70,70,200
grafo-propio,100,4950.0,TABU_ESTRUCTURA 70 70 250,1112.89,221,70,70,250
grafo-propio,100,4950.0,TABU_ESTRUCTURA 70 70 300,1274.07,193,70,70,300
grafo-propio,100,4950.0,TABU_ESTRUCTURA 70 70 350,1516.81,233,70,70,350
grafo-propio,100,4950.0,TABU_ESTRUCTURA 70 70 400,1758.19,205,70,70,400
grafo-propio,100,4950.0,TABU_ESTRUCTURA 70 80 100,476.682,226,70,80,100
grafo-propio,100,4950.0,TABU_ESTRUCTURA 70 80 150,709.535,208,70,80,150
grafo-propio,100,4950.0,TABU_ESTRUCTURA 70 80 200,1013.61,208,70,80,200
grafo-propio,100,4950.0,TABU_ESTRUCTURA 70 80 250,1325.12,219,70,80,250
grafo-propio,100,4950.0,TABU_ESTRUCTURA 70 80 300,1438.48,238,70,80,300
grafo-propio,100,4950.0,TABU_ESTRUCTURA 70 80 350,1651.23,217,70,80,350
grafo-propio,100,4950.0,TABU_ESTRUCTURA 70 80 400,1997.01,218,70,80,400
grafo-propio,100,4950.0,TABU_ESTRUCTURA 70 90 100,578.745,234,70,90,100
grafo-propio,100,4950.0,TABU_ESTRUCTURA 70 90 150,879.237,218,70,90,150
grafo-propio,100,4950.0,TABU_ESTRUCTURA 70 90 200,1282.72,209,70,90,200
grafo-propio,100,4950.0,TABU_ESTRUCTURA 70 90 250,2104.39,210,70,90,250
grafo-propio,100,4950.0,TABU_ESTRUCTURA 70 90 300,1854.46,238,70,90,300
grafo-propio,100,4950.0,TABU_ESTRUCTURA 70 90 350,1844.15,233,70,90,350
grafo-propio,100,4950.0,TABU_ESTRUCTURA 70 90 400,2095.16,208,70,90,400
grafo-propio,100,4950.0,TABU_ESTRUCTURA 70 100 100,567.675,216,70,100,100
grafo-propio,100,4950.0,TABU_ESTRUCTURA 70 100 150,837.873,216,70,100,150
grafo-propio,100,4950.0,TABU_ESTRUCTURA 70 100 200,1112.14,225,70,100,200
grafo-propio,100,4950.0,TABU_ESTRUCTURA 70 100 250,1406.14,209,70,100,250
grafo-propio,100,4950.0,TABU_ESTRUCTURA 70 100 300,1726.16,241,70,100,300
grafo-propio,100,4950.0,TABU_ESTRUCTURA 70 100 350,2177.99,225,70,100,350
grafo-propio,100,4950.0,TABU_ESTRUCTURA 70 100 400,2367.04,216,70,100,400
grafo-propio,100,4950.0,TABU_ESTRUCTURA 80 10 100,84.5809,260,80,10,100
grafo-propio,100,4950.0,TABU_ESTRUCTURA 80 10 150,120.298,260,80,10,150
grafo-propio,100,4950.0,TABU_ESTRUCTURA 80 10 200,172.816,260,80,10,200
grafo-propio,100,4950.0,TABU_ESTRUCTURA 80 10 250,204.081,253,80,10,250
grafo-propio,100,4950.0,TABU_ESTRUCTURA 80 10 300,236.103,276,80,10,300
grafo-propio,100,4950.0,TABU_ESTRUCTURA 80 10 350,298.015,276,80,10,350
grafo-propio,100,4950.0,TABU_ESTRUCTURA 80 10 400,325.26,276,80,10,400
grafo-propio,100,4950.0,TABU_ESTRUCTURA 80 20 100,172.497,245,80,20,100
grafo-propio,100,4950.0,TABU_ESTRUCTURA 80 20 150,236.432,271,80,20,150
grafo-propio,100,4950.0,TABU_ESTRUCTURA 80 20 200,324.176,271,80,20,200
grafo-propio,100,4950.0,TABU_ESTRUCTURA 80 20 250,380.367,266,80,20,250
grafo-propio,100,4950.0,TABU_ESTRUCTURA 80 20 300,435.775,310,80,20,300
grafo-propio,100,4950.0,TABU_ESTRUCTURA 80 20 350,508.13,282,80,20,350
grafo-propio,100,4950.0,TABU_ESTRUCTURA 80 20 400,615.633,263,80,20,400
grafo-propio,100,4950.0,TABU_ESTRUCTURA 80 30 100,214.317,263,80,30,100
grafo-propio,100,4950.0,TABU_ESTRUCTURA 80 30 150,314.328,242,80,30,150
grafo-propio,100,4950.0,TABU_ESTRUCTURA 80 30 200,419.022,289,80,30,200
grafo-propio,100,4950.0,TABU_ESTRUCTURA 80 30 250,516.005,262,80,30,250
grafo-propio,100,4950.0,TABU_ESTRUCTURA 80 30 300,612.869,261,80,30,300
grafo-propio,100,4950.0,TABU_ESTRUCTURA 80 30 350,749.892,229,80,30,350
grafo-propio,100,4950.0,TABU_ESTRUCTURA 80 30 400,880.079,244,80,30,400
grafo-propio,100,4950.0,TABU_ESTRUCTURA 80 40 100,266.224,254,80,40,100
grafo-propio,100,4950.0,TABU_ESTRUCTURA 80 40 150,404.359,254,80,40,150
grafo-propio,100,4950.0,TABU_ESTRUCTURA 80 40 200,538.565,260,80,40,200
grafo-propio,100,4950.0,TABU_ESTRUCTURA 80 40 250,683.761,249,80,40,250
grafo-propio,100,4950.0,TABU_ESTRUCTURA 80 40 300,802.919,232,80,40,300
grafo-propio,100,4950.0,TABU_ESTRUCTURA 80 40 350,989.446,210,80,40,350
grafo-propio,100,4950.0,TABU_ESTRUCTURA 80 40 400,1086.82,253,80,40,400
grafo-propio,100,4950.0,TABU_ESTRUCTURA 80 50 100,323.858,249,80,50,100
grafo-propio,100,4950.0,TABU_ESTRUCTURA 80 50 150,492.29,236,80,50,150
grafo-propio,100,4950.0,TABU_ESTRUCTURA 80 50 200,652.63,255,80,50,200
grafo-propio,100,4950.0,TABU_ESTRUCTURA 80 50 250,805.014,255,80,50,250
grafo-propio,100,4950.0,TABU_ESTRUCTURA 80 50 300,998.211,212,80,50,300
grafo-propio,100,4950.0,TABU_ESTRUCTURA 80 50 350,1170.47,205,80,50,350
grafo-propio,100,4950.0,TABU_ESTRUCTURA 80 50 400,1344.62,235,80,50,400
grafo-propio,100,4950.0,TABU_ESTRUCTURA 80 60 100,390.472,253,80,60,100
grafo-propio,100,4950.0,TABU_ESTRUCTURA 80 60 150,593.713,226,80,60,150
grafo-propio,100,4950.0,TABU_ESTRUCTURA 80 60 200,793.13,231,80,60,200
grafo-propio,100,4950.0,TABU_ESTRUCTURA 80 60 250,968.664,239,80,60,250
grafo-propio,100,4950.0,TABU_ESTRUCTURA 80 60 300,1248.91,233,80,60,300
grafo-propio,100,4950.0,TABU_ESTRUCTURA 80 60 350,1485.55,221,80,60,350
grafo-propio,100,4950.0,TABU_ESTRUCTURA 80 60 400,1531.87,214,80,60,400
grafo-propio,100,4950.0,TABU_ESTRUCTURA 80 70 100,435.933,228,80,70,100
grafo-propio,100,4950.0,TABU_ESTRUCTURA 80 70 150,659.324,228,80,70,150
grafo-propio,100,4950.0,TABU_ESTRUCTURA 80 70 200,870.283,215,80,70,200
grafo-propio,100,4950.0,TABU_ESTRUCTURA 80 70 250,1170.28,213,80,70,250
grafo-propio,100,4950.0,TABU_ESTRUCTURA 80 70 300,1270.42,222,80,70,300
grafo-propio,100,4950.0,TABU_ESTRUCTURA 80 70 350,1496.45,207,80,70,350
grafo-propio,100,4950.0,TABU_ESTRUCTURA 80 70 400,1862.77,230,80,70,400
grafo-propio,100,4950.0,TABU_ESTRUCTURA 80 80 100,519.096,228,80,80,100
grafo-propio,100,4950.0,TABU_ESTRUCTURA 80 80 150,740.365,228,80,80,150
grafo-propio,100,4950.0,TABU_ESTRUCTURA 80 80 200,965.294,212,80,80,200
grafo-propio,100,4950.0,TABU_ESTRUCTURA 80 80 250,1209.93,214,80,80,250
grafo-propio,100,4950.0,TABU_ESTRUCTURA 80 80 300,1442.81,260,80,80,300
grafo-propio,100,4950.0,TABU_ESTRUCTURA 80 80 350,1755.61,220,80,80,350
grafo-propio,100,4950.0,TABU_ESTRUCTURA 80 80 400,1919.93,210,80,80,400
grafo-propio,100,4950.0,TABU_ESTRUCTURA 80 90 100,526.191,219,80,90,100
grafo-propio,100,4950.0,TABU_ESTRUCTURA 80 90 150,828.437,244,80,90,150
grafo-propio,100,4950.0,TABU_ESTRUCTURA 80 90 200,1079.95,241,80,90,200
grafo-propio,100,4950.0,TABU_ESTRUCTURA 80 90 250,1336.17,222,80,90,250
grafo-propio,100,4950.0,TABU_ESTRUCTURA 80 90 300,1629.11,218,80,90,300
grafo-propio,100,4950.0,TABU_ESTRUCTURA 80 90 350,1868.21,209,80,90,350
grafo-propio,100,4950.0,TABU_ESTRUCTURA 80 90 400,2528.41,190,80,90,400
grafo-propio,100,4950.0,TABU_ESTRUCTURA 80 100 100,619.863,218,80,100,100
grafo-propio,100,4950.0,TABU_ESTRUCTURA 80 100 150,889.881,225,80,100,150
grafo-propio,100,4950.0,TABU_ESTRUCTURA 80 100 200,1184.77,214,80,100,200
grafo-propio,100,4950.0,TABU_ESTRUCTURA 80 100 250,1391.96,228,80,100,250
grafo-propio,100,4950.0,TABU_ESTRUCTURA 80 100 300,1677.43,209,80,100,300
grafo-propio,100,4950.0,TABU_ESTRUCTURA 80 100 350,2148.48,225,80,100,350
grafo-propio,100,4950.0,TABU_ESTRUCTURA 80 100 400,2400.76,196,80,100,400
grafo-propio,100,4950.0,TABU_ESTRUCTURA 90 10 100,133.774,306,90,10,100
grafo-propio,100,4950.0,TABU_ESTRUCTURA 90 10 150,174.514,306,90,10,150
grafo-propio,100,4950.0,TABU_ESTRUCTURA 90 10 200,222.784,306,90,10,200
grafo-propio,100,4950.0,TABU_ESTRUCTURA 90 10 250,239.782,306,90,10,250
grafo-propio,100,4950.0,TABU_ESTRUCTURA 90 10 300,317.651,306,90,10,300
grafo-propio,100,4950.0,TABU_ESTRUCTURA 90 10 350,325.331,258,90,10,350
grafo-propio,100,4950.0,TABU_ESTRUCTURA 90 10 400,331.888,258,90,10,400
grafo-propio,100,4950.0,TABU_ESTRUCTURA 90 20 100,168.332,235,90,20,100
grafo-propio,100,4950.0,TABU_ESTRUCTURA 90 20 150,264.809,235,90,20,150
grafo-propio,100,4950.0,TABU_ESTRUCTURA 90 20 200,319.33,235,90,20,200
grafo-propio,100,4950.0,TABU_ESTRUCTURA 90 20 250,383.715,235,90,20,250
grafo-propio,100,4950.0,TABU_ESTRUCTURA 90 20 300,494.602,284,90,20,300
grafo-propio,100,4950.0,TABU_ESTRUCTURA 90 20 350,510.693,274,90,20,350
grafo-propio,100,4950.0,TABU_ESTRUCTURA 90 20 400,574.807,251,90,20,400
grafo-propio,100,4950.0,TABU_ESTRUCTURA 90 30 100,223.011,257,90,30,100
grafo-propio,100,4950.0,TABU_ESTRUCTURA 90 30 150,323.147,246,90,30,150
grafo-propio,100,4950.0,TABU_ESTRUCTURA 90 30 200,423.927,246,90,30,200
grafo-propio,100,4950.0,TABU_ESTRUCTURA 90 30 250,539.282,246,90,30,250
grafo-propio,100,4950.0,TABU_ESTRUCTURA 90 30 300,632.582,239,90,30,300
grafo-propio,100,4950.0,TABU_ESTRUCTURA 90 30 350,779.766,261,90,30,350
grafo-propio,100,4950.0,TABU_ESTRUCTURA 90 30 400,822.761,253,90,30,400
grafo-propio,100,4950.0,TABU_ESTRUCTURA 90 40 100,278.514,261,90,40,100
grafo-propio,100,4950.0,TABU_ESTRUCTURA 90 40 150,426.533,256,90,40,150
grafo-propio,100,4950.0,TABU_ESTRUCTURA 90 40 200,548.873,218,90,40,200
grafo-propio,100,4950.0,TABU_ESTRUCTURA 90 40 250,828.965,214,90,40,250
grafo-propio,100,4950.0,TABU_ESTRUCTURA 90 40 300,952.544,231,90,40,300
grafo-propio,100,4950.0,TABU_ESTRUCTURA 90 40 350,1076.48,237,90,40,350
grafo-propio,100,4950.0,TABU_ESTRUCTURA 90 40 400,1175.54,246,90,40,400
grafo-propio,100,4950.0,TABU_ESTRUCTURA 90 50 100,367.058,226,90,50,100
grafo-propio,100,4950.0,TABU_ESTRUCTURA 90 50 150,527.764,226,90,50,150
grafo-propio,100,4950.0,TABU_ESTRUCTURA 90 50 200,698.037,262,90,50,200
grafo-propio,100,4950.0,TABU_ESTRUCTURA 90 50 250,869.641,207,90,50,250
grafo-propio,100,4950.0,TABU_ESTRUCTURA 90 50 300,1040.04,201,90,50,300
grafo-propio,100,4950.0,TABU_ESTRUCTURA 90 50 350,1222.04,221,90,50,350
grafo-propio,100,4950.0,TABU_ESTRUCTURA 90 50 400,1282.19,234,90,50,400
grafo-propio,100,4950.0,TABU_ESTRUCTURA 90 60 100,401.677,237,90,60,100
grafo-propio,100,4950.0,TABU_ESTRUCTURA 90 60 150,619.486,218,90,60,150
grafo-propio,100,4950.0,TABU_ESTRUCTURA 90 60 200,810.908,232,90,60,200
grafo-propio,100,4950.0,TABU_ESTRUCTURA 90 60 250,938.648,258,90,60,250
grafo-propio,100,4950.0,TABU_ESTRUCTURA 90 60 300,1144.34,237,90,60,300
grafo-propio,100,4950.0,TABU_ESTRUCTURA 90 60 350,1321.15,231,90,60,350
grafo-propio,100,4950.0,TABU_ESTRUCTURA 90 60 400,1507.82,254,90,60,400
grafo-propio,100,4950.0,TABU_ESTRUCTURA 90 70 100,437.177,224,90,70,100
grafo-propio,100,4950.0,TABU_ESTRUCTURA 90 70 150,653.504,255,90,70,150
grafo-propio,100,4950.0,TABU_ESTRUCTURA 90 70 200,844.889,244,90,70,200
grafo-propio,100,4950.0,TABU_ESTRUCTURA 90 70 250,1067.29,223,90,70,250
grafo-propio,100,4950.0,TABU_ESTRUCTURA 90 70 300,1251.7,216,90,70,300
grafo-propio,100,4950.0,TABU_ESTRUCTURA 90 70 350,1498.28,233,90,70,350
grafo-propio,100,4950.0,TABU_ESTRUCTURA 90 70 400,1678.05,249,90,70,400
grafo-propio,100,4950.0,TABU_ESTRUCTURA 90 80 100,472.023,209,90,80,100
grafo-propio,100,4950.0,TABU_ESTRUCTURA 90 80 150,706.737,229,90,80,150
grafo-propio,100,4950.0,TABU_ESTRUCTURA 90 80 200,949.306,229,90,80,200
grafo-propio,100,4950.0,TABU_ESTRUCTURA 90 80 250,1291.93,216,90,80,250
grafo-propio,100,4950.0,TABU_ESTRUCTURA 90 80 300,1666.5,209,90,80,300
grafo-propio,100,4950.0,TABU_ESTRUCTURA 90 80 350,1821.51,211,90,80,350
grafo-propio,100,4950.0,TABU_ESTRUCTURA 90 80 400,2136.59,209,90,80,400
grafo-propio,100,4950.0,TABU_ESTRUCTURA 90 90 100,678.954,219,90,90,100
grafo-propio,100,4950.0,TABU_ESTRUCTURA 90 90 150,901.918,222,90,90,150
grafo-propio,100,4950.0,TABU_ESTRUCTURA 90 90 200,1212.1,219,90,90,200
grafo-propio,100,4950.0,TABU_ESTRUCTURA 90 90 250,1749.85,248,90,90,250
grafo-propio,100,4950.0,TABU_ESTRUCTURA 90 90 300,1885.74,225,90,90,300
grafo-propio,100,4950.0,TABU_ESTRUCTURA 90 90 350,1972.06,243,90,90,350
grafo-propio,100,4950.0,TABU_ESTRUCTURA 90 90 400,2229.85,203,90,90,400
grafo-propio,100,4950.0,TABU_ESTRUCTURA 90 100 100,616.879,216,90,100,100
grafo-propio,100,4950.0,TABU_ESTRUCTURA 90 100 150,911.84,214,90,100,150
grafo-propio,100,4950.0,TABU_ESTRUCTURA 90 100 200,1215.66,227,90,100,200
grafo-propio,100,4950.0,TABU_ESTRUCTURA 90 100 250,1614.4,220,90,100,250
grafo-propio,100,4950.0,TABU_ESTRUCTURA 90 100 300,2072.51,224,90,100,300
grafo-propio,100,4950.0,TABU_ESTRUCTURA 90 100 350,2527.85,215,90,100,350
grafo-propio,100,4950.0,TABU_ESTRUCTURA 90 100 400,2632.72,216,90,100,400
grafo-propio,100,4950.0,TABU_ESTRUCTURA 100 10 100,89.0099,267,100,10,100
grafo-propio,100,4950.0,TABU_ESTRUCTURA 100 10 150,141.616,267,100,10,150
grafo-propio,100,4950.0,TABU_ESTRUCTURA 100 10 200,203.483,267,100,10,200
grafo-propio,100,4950.0,TABU_ESTRUCTURA 100 10 250,217.855,267,100,10,250
grafo-propio,100,4950.0,TABU_ESTRUCTURA 100 10 300,236.224,267,100,10,300
grafo-propio,100,4950.0,TABU_ESTRUCTURA 100 10 350,286.229,289,100,10,350
grafo-propio,100,4950.0,TABU_ESTRUCTURA 100 10 400,315.463,289,100,10,400
grafo-propio,100,4950.0,TABU_ESTRUCTURA 100 20 100,155.728,269,100,20,100
grafo-propio,100,4950.0,TABU_ESTRUCTURA 100 20 150,221.485,255,100,20,150
grafo-propio,100,4950.0,TABU_ESTRUCTURA 100 20 200,294.818,266,100,20,200
grafo-propio,100,4950.0,TABU_ESTRUCTURA 100 20 250,358.474,266,100,20,250
grafo-propio,100,4950.0,TABU_ESTRUCTURA 100 20 300,465.014,266,100,20,300
grafo-propio,100,4950.0,TABU_ESTRUCTURA 100 20 350,596.959,255,100,20,350
grafo-propio,100,4950.0,TABU_ESTRUCTURA 100 20 400,601.275,251,100,20,400
grafo-propio,100,4950.0,TABU_ESTRUCTURA 100 30 100,220.2,265,100,30,100
grafo-propio,100,4950.0,TABU_ESTRUCTURA 100 30 150,323.797,265,100,30,150
grafo-propio,100,4950.0,TABU_ESTRUCTURA 100 30 200,419.592,264,100,30,200
grafo-propio,100,4950.0,TABU_ESTRUCTURA 100 30 250,535.55,236,100,30,250
grafo-propio,100,4950.0,TABU_ESTRUCTURA 100 30 300,629.66,250,100,30,300
grafo-propio,100,4950.0,TABU_ESTRUCTURA 100 30 350,724.654,242,100,30,350
grafo-propio,100,4950.0,TABU_ESTRUCTURA 100 30 400,847.478,240,100,30,400
grafo-propio,100,4950.0,TABU_ESTRUCTURA 100 40 100,306.047,242,100,40,100
grafo-propio,100,4950.0,TABU_ESTRUCTURA 100 40 150,463.968,242,100,40,150
grafo-propio,100,4950.0,TABU_ESTRUCTURA 100 40 200,560.703,250,100,40,200
grafo-propio,100,4950.0,TABU_ESTRUCTURA 100 40 250,725.88,250,100,40,250
grafo-propio,100,4950.0,TABU_ESTRUCTURA 100 40 300,1036.39,236,100,40,300
grafo-propio,100,4950.0,TABU_ESTRUCTURA 100 40 350,1105.36,233,100,40,350
grafo-propio,100,4950.0,TABU_ESTRUCTURA 100 40 400,1284.45,250,100,40,400
grafo-propio,100,4950.0,TABU_ESTRUCTURA 100 50 100,369.68,234,100,50,100
grafo-propio,100,4950.0,TABU_ESTRUCTURA 100 50 150,578.619,273,100,50,150
grafo-propio,100,4950.0,TABU_ESTRUCTURA 100 50 200,693.381,264,100,50,200
grafo-propio,100,4950.0,TABU_ESTRUCTURA 100 50 250,809.321,224,100,50,250
grafo-propio,100,4950.0,TABU_ESTRUCTURA 100 50 300,957.254,224,100,50,300
grafo-propio,100,4950.0,TABU_ESTRUCTURA 100 50 350,1207.84,242,100,50,350
grafo-propio,100,4950.0,TABU_ESTRUCTURA 100 50 400,1398.52,257,100,50,400
grafo-propio,100,4950.0,TABU_ESTRUCTURA 100 60 100,418.302,228,100,60,100
grafo-propio,100,4950.0,TABU_ESTRUCTURA 100 60 150,598.811,227,100,60,150
grafo-propio,100,4950.0,TABU_ESTRUCTURA 100 60 200,827.113,263,100,60,200
grafo-propio,100,4950.0,TABU_ESTRUCTURA 100 60 250,1033.02,233,100,60,250
grafo-propio,100,4950.0,TABU_ESTRUCTURA 100 60 300,1223.67,228,100,60,300
grafo-propio,100,4950.0,TABU_ESTRUCTURA 100 60 350,1338.66,218,100,60,350
grafo-propio,100,4950.0,TABU_ESTRUCTURA 100 60 400,1587.73,242,100,60,400
grafo-propio,100,4950.0,TABU_ESTRUCTURA 100 70 100,454.269,225,100,70,100
grafo-propio,100,4950.0,TABU_ESTRUCTURA 100 70 150,674.712,225,100,70,150
grafo-propio,100,4950.0,TABU_ESTRUCTURA 100 70 200,918.612,222,100,70,200
grafo-propio,100,4950.0,TABU_ESTRUCTURA 100 70 250,1140.12,224,100,70,250
grafo-propio,100,4950.0,TABU_ESTRUCTURA 100 70 300,1269.09,216,100,70,300
grafo-propio,100,4950.0,TABU_ESTRUCTURA 100 70 350,1583.82,213,100,70,350
grafo-propio,100,4950.0,TABU_ESTRUCTURA 100 70 400,1701.11,215,100,70,400
grafo-propio,100,4950.0,TABU_ESTRUCTURA 100 80 100,478.166,210,100,80,100
grafo-propio,100,4950.0,TABU_ESTRUCTURA 100 80 150,704.662,217,100,80,150
grafo-propio,100,4950.0,TABU_ESTRUCTURA 100 80 200,924.677,222,100,80,200
grafo-propio,100,4950.0,TABU_ESTRUCTURA 100 80 250,1176.55,210,100,80,250
grafo-propio,100,4950.0,TABU_ESTRUCTURA 100 80 300,1396.54,220,100,80,300
grafo-propio,100,4950.0,TABU_ESTRUCTURA 100 80 350,1621.23,193,100,80,350
grafo-propio,100,4950.0,TABU_ESTRUCTURA 100 80 400,1839.7,231,100,80,400
grafo-propio,100,4950.0,TABU_ESTRUCTURA 100 90 100,513.247,218,100,90,100
grafo-propio,100,4950.0,TABU_ESTRUCTURA 100 90 150,781.07,218,100,90,150
grafo-propio,100,4950.0,TABU_ESTRUCTURA 100 90 200,1027.77,222,100,90,200
grafo-propio,100,4950.0,TABU_ESTRUCTURA 100 90 250,1294.76,225,100,90,250
grafo-propio,100,4950.0,TABU_ESTRUCTURA 100 90 300,1530.78,207,100,90,300
grafo-propio,100,4950.0,TABU_ESTRUCTURA 100 90 350,1845.69,198,100,90,350
grafo-propio,100,4950.0,TABU_ESTRUCTURA 100 90 400,2050.56,236,100,90,400
grafo-propio,100,4950.0,TABU_ESTRUCTURA 100 100 100,577.702,216,100,100,100
grafo-propio,100,4950.0,TABU_ESTRUCTURA 100 100 150,839.24,214,100,100,150
grafo-propio,100,4950.0,TABU_ESTRUCTURA 100 100 200,1137.8,220,100,100,200
grafo-propio,100,4950.0,TABU_ESTRUCTURA 100 100 250,1398.51,218,100,100,250
grafo-propio,100,4950.0,TABU_ESTRUCTURA 100 100 300,1689.2,216,100,100,300
grafo-propio,100,4950.0,TABU_ESTRUCTURA 100 100 350,2027.61,203,100,100,350
grafo-propio,100,4950.0,TABU_ESTRUCTURA 100 100 400,2224.62,217,100,100,400
